completion_id,student_id,problem_id,sequence_no,started_at_utc,completed_at_utc,time_taken_seconds,attempt_count,hints_used,final_response,final_is_correct,confidence,confusion,determination,frustration
CMP_0001,STU_001,P001_01,1,2026-09-02T16:06:00Z,2026-09-02T16:07:11Z,71,1,1,7000,1,5,2,3,3
CMP_0002,STU_001,P002_01,2,2026-09-02T16:07:49Z,2026-09-02T16:10:47Z,178,1,3,7304,1,2,2,2,1
CMP_0003,STU_001,P003_01,3,2026-09-02T16:11:47Z,2026-09-02T16:13:35Z,108,1,1,384,1,3,2,2,3
CMP_0004,STU_001,P004_01,4,2026-09-02T16:13:59Z,2026-09-02T16:15:34Z,95,2,0,6,1,3,2,3,5
CMP_0005,STU_001,P005_01,5,2026-09-02T16:15:58Z,2026-09-02T16:17:25Z,87,1,1,3/4,1,2,2,1,1
CMP_0006,STU_001,P006_01,6,2026-09-04T16:06:00Z,2026-09-04T16:07:23Z,83,1,2,3/4,1,3,3,3,1
CMP_0007,STU_001,P007_01,7,2026-09-04T16:08:17Z,2026-09-04T16:10:04Z,107,1,1,17/12,1,2,2,3,1
CMP_0008,STU_001,P008_01,8,2026-09-04T16:10:29Z,2026-09-04T16:12:21Z,112,1,0,2/5,1,3,2,4,1
CMP_0009,STU_001,P013_01,9,2026-09-04T16:13:11Z,2026-09-04T16:15:08Z,117,1,2,5,1,4,1,2,2
CMP_0010,STU_001,P014_01,10,2026-09-04T16:15:53Z,2026-09-04T16:16:59Z,66,1,1,48,1,3,2,2,1
CMP_0011,STU_001,P015_01,11,2026-09-08T16:06:00Z,2026-09-08T16:07:23Z,83,1,1,-1/4,1,5,3,3,2
CMP_0012,STU_001,P018_01,12,2026-09-08T16:08:27Z,2026-09-08T16:11:07Z,160,1,3,25,1,4,1,2,1
CMP_0013,STU_001,P029_01,13,2026-09-08T16:11:24Z,2026-09-08T16:13:06Z,102,1,1,-14,1,4,1,2,3
CMP_0014,STU_001,P030_01,14,2026-09-08T16:13:45Z,2026-09-08T16:15:15Z,90,3,0,5x+12,1,4,2,3,2
CMP_0015,STU_001,P034_01,15,2026-09-08T16:15:34Z,2026-09-08T16:17:49Z,135,1,2,11,1,2,1,3,2
CMP_0016,STU_001,P001_02,16,2026-09-10T16:06:00Z,2026-09-10T16:07:01Z,61,1,0,"50084, 50408, 50480",1,4,1,3,1
CMP_0017,STU_001,P002_02,17,2026-09-10T16:08:11Z,2026-09-10T16:10:50Z,159,2,0,4415,1,3,3,1,2
CMP_0018,STU_001,P003_02,18,2026-09-10T16:11:47Z,2026-09-10T16:14:05Z,138,2,4,72,1,2,2,1,2
CMP_0019,STU_001,P004_02,19,2026-09-10T16:14:56Z,2026-09-10T16:17:21Z,145,1,2,24,1,3,2,1,1
CMP_0020,STU_001,P005_02,20,2026-09-10T16:17:55Z,2026-09-10T16:19:17Z,82,1,0,3/8,1,4,1,2,1
CMP_0021,STU_001,P006_02,21,2026-09-15T16:06:00Z,2026-09-15T16:07:07Z,67,1,0,35,1,2,3,1,2
CMP_0022,STU_001,P007_02,22,2026-09-15T16:07:41Z,2026-09-15T16:10:13Z,152,2,0,7/12,1,4,2,2,2
CMP_0023,STU_001,P008_02,23,2026-09-15T16:11:14Z,2026-09-15T16:12:28Z,74,1,2,15/8,1,5,1,2,2
CMP_0024,STU_001,P013_02,24,2026-09-15T16:12:59Z,2026-09-15T16:15:22Z,143,2,3,-13,0,3,1,3,3
CMP_0025,STU_001,P014_02,25,2026-09-15T16:16:17Z,2026-09-15T16:18:57Z,160,1,2,-6,1,4,1,2,1
CMP_0026,STU_001,P015_02,26,2026-09-17T16:06:00Z,2026-09-17T16:07:12Z,72,1,2,-2,1,4,2,2,1
CMP_0027,STU_001,P018_02,27,2026-09-17T16:07:52Z,2026-09-17T16:09:44Z,112,1,1,12,1,4,3,1,2
CMP_0028,STU_001,P029_02,28,2026-09-17T16:10:47Z,2026-09-17T16:13:14Z,147,1,2,1,1,4,2,3,3
CMP_0029,STU_001,P030_02,29,2026-09-17T16:13:45Z,2026-09-17T16:17:45Z,240,4,0,2x-2,1,4,1,3,3
CMP_0030,STU_001,P034_02,30,2026-09-17T16:19:00Z,2026-09-17T16:20:18Z,78,1,1,8,1,2,2,2,2
CMP_0031,STU_002,P006_01,1,2026-09-03T17:12:00Z,2026-09-03T17:12:55Z,55,1,0,3/4,1,3,3,3,1
CMP_0032,STU_002,P007_01,2,2026-09-03T17:13:36Z,2026-09-03T17:14:25Z,49,1,0,17/12,1,5,1,5,2
CMP_0033,STU_002,P008_01,3,2026-09-03T17:14:58Z,2026-09-03T17:16:08Z,70,1,2,2/5,1,4,4,3,2
CMP_0034,STU_002,P009_01,4,2026-09-03T17:16:58Z,2026-09-03T17:17:30Z,32,1,0,0.07,1,5,2,5,3
CMP_0035,STU_002,P010_01,5,2026-09-03T17:18:16Z,2026-09-03T17:19:47Z,91,1,0,4.61,1,4,3,4,1
CMP_0036,STU_002,P011_01,6,2026-09-05T17:12:00Z,2026-09-05T17:13:10Z,70,1,0,0.375,1,4,1,4,1
CMP_0037,STU_002,P012_01,7,2026-09-05T17:14:23Z,2026-09-05T17:15:47Z,84,2,0,"-7, -2, 0, 3",1,5,2,4,1
CMP_0038,STU_002,P013_01,8,2026-09-05T17:16:42Z,2026-09-05T17:18:51Z,129,1,3,5,1,4,2,3,1
CMP_0039,STU_002,P014_01,9,2026-09-05T17:19:15Z,2026-09-05T17:21:06Z,111,1,0,48,1,5,3,4,2
CMP_0040,STU_002,P015_01,10,2026-09-05T17:21:54Z,2026-09-05T17:25:07Z,193,1,4,-1/4,1,1,1,3,2
CMP_0041,STU_002,P016_01,11,2026-09-09T17:12:00Z,2026-09-09T17:13:17Z,77,1,0,2:3,1,4,1,5,1
CMP_0042,STU_002,P018_01,12,2026-09-09T17:14:18Z,2026-09-09T17:15:55Z,97,1,0,25,1,3,2,4,2
CMP_0043,STU_002,P029_01,13,2026-09-09T17:16:36Z,2026-09-09T17:18:50Z,134,2,4,-10,0,4,3,5,1
CMP_0044,STU_002,P030_01,14,2026-09-09T17:19:49Z,2026-09-09T17:21:25Z,96,1,1,5x+12,1,3,3,3,1
CMP_0045,STU_002,P034_01,15,2026-09-09T17:22:39Z,2026-09-09T17:25:09Z,150,4,0,11,1,4,2,5,3
CMP_0046,STU_002,P006_02,16,2026-09-11T17:12:00Z,2026-09-11T17:14:24Z,144,3,0,35,1,4,4,3,2
CMP_0047,STU_002,P007_02,17,2026-09-11T17:15:39Z,2026-09-11T17:18:02Z,143,2,0,7/12,1,4,2,5,2
CMP_0048,STU_002,P008_02,18,2026-09-11T17:18:36Z,2026-09-11T17:19:42Z,66,1,0,15/8,1,4,2,3,1
CMP_0049,STU_002,P009_02,19,2026-09-11T17:20:43Z,2026-09-11T17:21:43Z,60,1,0,0.603,1,3,1,4,1
CMP_0050,STU_002,P010_02,20,2026-09-11T17:22:45Z,2026-09-11T17:23:48Z,63,1,0,7,1,3,1,4,2
CMP_0051,STU_002,P011_02,21,2026-09-16T17:12:00Z,2026-09-16T17:14:54Z,174,4,1,9/20,1,3,2,4,3
CMP_0052,STU_002,P012_02,22,2026-09-16T17:16:00Z,2026-09-16T17:17:39Z,99,1,1,9,1,4,1,5,1
CMP_0053,STU_002,P013_02,23,2026-09-16T17:18:49Z,2026-09-16T17:21:43Z,174,4,0,5,1,5,2,4,2
CMP_0054,STU_002,P014_02,24,2026-09-16T17:22:34Z,2026-09-16T17:24:22Z,108,1,0,-6,1,4,1,3,2
CMP_0055,STU_002,P015_02,25,2026-09-16T17:24:51Z,2026-09-16T17:26:55Z,124,1,2,-2,1,3,2,4,1
CMP_0056,STU_002,P016_02,26,2026-09-18T17:12:00Z,2026-09-18T17:13:09Z,69,1,0,3:2,1,5,1,5,3
CMP_0057,STU_002,P018_02,27,2026-09-18T17:14:14Z,2026-09-18T17:15:10Z,56,1,0,12,1,5,4,4,3
CMP_0058,STU_002,P029_02,28,2026-09-18T17:16:10Z,2026-09-18T17:19:00Z,170,2,1,1,1,5,3,3,2
CMP_0059,STU_002,P030_02,29,2026-09-18T17:19:42Z,2026-09-18T17:22:34Z,172,3,0,2x-2,1,4,2,3,3
CMP_0060,STU_002,P034_02,30,2026-09-18T17:23:12Z,2026-09-18T17:25:45Z,153,1,2,8,1,5,2,5,1
CMP_0061,STU_003,P006_01,1,2026-09-01T18:18:00Z,2026-09-01T18:19:59Z,119,2,0,9/24,0,2,4,5,3
CMP_0062,STU_003,P007_01,2,2026-09-01T18:20:14Z,2026-09-01T18:22:08Z,114,1,1,17/12,1,3,1,3,1
CMP_0063,STU_003,P008_01,3,2026-09-01T18:23:14Z,2026-09-01T18:25:17Z,123,2,0,2/5,1,1,3,5,2
CMP_0064,STU_003,P013_01,4,2026-09-01T18:25:54Z,2026-09-01T18:27:48Z,114,1,2,5,1,3,3,4,4
CMP_0065,STU_003,P014_01,5,2026-09-01T18:28:03Z,2026-09-01T18:33:15Z,312,4,2,-48,0,2,3,3,1
CMP_0066,STU_003,P015_01,6,2026-09-03T18:18:00Z,2026-09-03T18:19:39Z,99,1,0,-1/4,1,3,1,3,4
CMP_0067,STU_003,P017_01,7,2026-09-03T18:20:24Z,2026-09-03T18:22:22Z,118,2,0,50,1,2,2,4,3
CMP_0068,STU_003,P018_01,8,2026-09-03T18:23:02Z,2026-09-03T18:24:17Z,75,2,0,25,1,4,1,4,4
CMP_0069,STU_003,P019_01,9,2026-09-03T18:24:59Z,2026-09-03T18:25:57Z,58,1,0,0.35,1,5,2,3,4
CMP_0070,STU_003,P020_01,10,2026-09-03T18:26:47Z,2026-09-03T18:27:36Z,49,1,0,17,1,4,4,3,1
CMP_0071,STU_003,P021_01,11,2026-09-07T18:18:00Z,2026-09-07T18:19:35Z,95,1,4,81,1,4,1,5,2
CMP_0072,STU_003,P023_01,12,2026-09-07T18:20:32Z,2026-09-07T18:23:06Z,154,1,2,54,1,2,4,5,1
CMP_0073,STU_003,P029_01,13,2026-09-07T18:24:13Z,2026-09-07T18:27:09Z,176,2,2,-14,1,3,4,4,1
CMP_0074,STU_003,P030_01,14,2026-09-07T18:28:16Z,2026-09-07T18:31:09Z,173,4,2,5x+12,1,3,3,4,2
CMP_0075,STU_003,P034_01,15,2026-09-07T18:32:12Z,2026-09-07T18:37:54Z,342,3,4,11,1,4,5,5,5
CMP_0076,STU_003,P006_02,16,2026-09-09T18:18:00Z,2026-09-09T18:19:34Z,94,1,1,35,1,3,3,4,3
CMP_0077,STU_003,P007_02,17,2026-09-09T18:20:46Z,2026-09-09T18:22:58Z,132,1,2,7/12,1,3,2,3,2
CMP_0078,STU_003,P008_02,18,2026-09-09T18:23:53Z,2026-09-09T18:26:17Z,144,3,0,15/8,1,1,2,4,2
CMP_0079,STU_003,P013_02,19,2026-09-09T18:27:10Z,2026-09-09T18:29:24Z,134,1,1,5,1,2,4,5,5
CMP_0080,STU_003,P014_02,20,2026-09-09T18:30:33Z,2026-09-09T18:34:18Z,225,3,2,6,0,2,3,3,3
CMP_0081,STU_003,P015_02,21,2026-09-14T18:18:00Z,2026-09-14T18:20:14Z,134,1,1,-2,1,3,2,5,1
CMP_0082,STU_003,P017_02,22,2026-09-14T18:21:27Z,2026-09-14T18:23:45Z,138,1,1,4.5,1,4,2,5,2
CMP_0083,STU_003,P018_02,23,2026-09-14T18:25:00Z,2026-09-14T18:27:07Z,127,3,1,12,1,4,4,2,3
CMP_0084,STU_003,P019_02,24,2026-09-14T18:28:02Z,2026-09-14T18:29:14Z,72,1,0,60%,1,3,3,4,3
CMP_0085,STU_003,P020_02,25,2026-09-14T18:29:37Z,2026-09-14T18:33:25Z,228,4,2,25%,1,3,1,5,2
CMP_0086,STU_003,P021_02,26,2026-09-16T18:18:00Z,2026-09-16T18:19:35Z,95,1,1,5^3,1,4,1,5,2
CMP_0087,STU_003,P023_02,27,2026-09-16T18:20:50Z,2026-09-16T18:22:02Z,72,1,0,6,1,2,2,5,1
CMP_0088,STU_003,P029_02,28,2026-09-16T18:23:20Z,2026-09-16T18:24:23Z,63,1,0,1,1,2,2,4,3
CMP_0089,STU_003,P030_02,29,2026-09-16T18:24:44Z,2026-09-16T18:26:56Z,132,1,1,2x-4,0,2,2,3,1
CMP_0090,STU_003,P034_02,30,2026-09-16T18:27:37Z,2026-09-16T18:30:48Z,191,1,3,8,1,3,3,5,1
CMP_0091,STU_004,P006_01,1,2026-09-02T15:24:00Z,2026-09-02T15:25:38Z,98,2,1,3/4,1,5,4,5,1
CMP_0092,STU_004,P007_01,2,2026-09-02T15:25:57Z,2026-09-02T15:27:48Z,111,1,0,17/12,1,3,2,5,3
CMP_0093,STU_004,P008_01,3,2026-09-02T15:28:41Z,2026-09-02T15:30:10Z,89,1,0,2/5,1,3,3,3,2
CMP_0094,STU_004,P013_01,4,2026-09-02T15:31:26Z,2026-09-02T15:32:54Z,88,2,0,5,1,2,2,5,2
CMP_0095,STU_004,P014_01,5,2026-09-02T15:33:18Z,2026-09-02T15:36:31Z,193,1,3,48,1,3,3,5,2
CMP_0096,STU_004,P015_01,6,2026-09-04T15:24:00Z,2026-09-04T15:26:10Z,130,1,1,-1/4,1,2,2,5,1
CMP_0097,STU_004,P018_01,7,2026-09-04T15:26:33Z,2026-09-04T15:27:36Z,63,1,0,25,1,4,2,5,1
CMP_0098,STU_004,P024_01,8,2026-09-04T15:28:18Z,2026-09-04T15:29:57Z,99,1,1,associative property of addition,1,2,2,4,1
CMP_0099,STU_004,P025_01,9,2026-09-04T15:30:58Z,2026-09-04T15:34:57Z,239,4,0,6*10 + 4,0,2,3,3,2
CMP_0100,STU_004,P026_01,10,2026-09-04T15:35:25Z,2026-09-04T15:37:36Z,131,1,2,7,1,2,3,4,1
CMP_0101,STU_004,P027_01,11,2026-09-08T15:24:00Z,2026-09-08T15:26:02Z,122,1,2,unknown number,1,3,3,5,1
CMP_0102,STU_004,P028_01,12,2026-09-08T15:27:02Z,2026-09-08T15:29:14Z,132,1,1,4,1,4,2,5,1
CMP_0103,STU_004,P029_01,13,2026-09-08T15:29:57Z,2026-09-08T15:32:01Z,124,1,2,-14,1,4,1,3,3
CMP_0104,STU_004,P030_01,14,2026-09-08T15:33:20Z,2026-09-08T15:34:34Z,74,1,0,5x+12,1,5,2,5,1
CMP_0105,STU_004,P034_01,15,2026-09-08T15:35:03Z,2026-09-08T15:39:04Z,241,4,0,7,0,2,1,3,2
CMP_0106,STU_004,P006_02,16,2026-09-10T15:24:00Z,2026-09-10T15:25:15Z,75,1,0,30,0,3,2,4,3
CMP_0107,STU_004,P007_02,17,2026-09-10T15:25:44Z,2026-09-10T15:29:31Z,227,4,1,7/12,1,2,3,5,1
CMP_0108,STU_004,P008_02,18,2026-09-10T15:29:53Z,2026-09-10T15:31:10Z,77,1,3,15/8,1,4,2,5,1
CMP_0109,STU_004,P013_02,19,2026-09-10T15:31:50Z,2026-09-10T15:34:10Z,140,1,2,5,1,2,2,4,1
CMP_0110,STU_004,P014_02,20,2026-09-10T15:34:50Z,2026-09-10T15:36:09Z,79,1,0,-6,1,3,2,3,2
CMP_0111,STU_004,P015_02,21,2026-09-15T15:24:00Z,2026-09-15T15:25:47Z,107,1,0,-2,1,4,3,3,1
CMP_0112,STU_004,P018_02,22,2026-09-15T15:26:38Z,2026-09-15T15:29:31Z,173,1,4,12,1,2,1,3,2
CMP_0113,STU_004,P024_02,23,2026-09-15T15:30:46Z,2026-09-15T15:33:59Z,193,3,2,commutative property of multiplication,1,1,3,5,1
CMP_0114,STU_004,P025_02,24,2026-09-15T15:35:15Z,2026-09-15T15:36:57Z,102,1,0,152,1,2,4,5,1
CMP_0115,STU_004,P026_02,25,2026-09-15T15:37:35Z,2026-09-15T15:38:25Z,50,2,0,true,1,3,1,3,1
CMP_0116,STU_004,P027_02,26,2026-09-17T15:24:00Z,2026-09-17T15:25:04Z,64,1,0,5b,1,2,1,5,3
CMP_0117,STU_004,P028_02,27,2026-09-17T15:26:15Z,2026-09-17T15:27:10Z,55,1,1,3(x+2),1,4,1,4,3
CMP_0118,STU_004,P029_02,28,2026-09-17T15:28:29Z,2026-09-17T15:29:55Z,86,1,0,1,1,4,2,3,1
CMP_0119,STU_004,P030_02,29,2026-09-17T15:30:43Z,2026-09-17T15:32:52Z,129,1,1,2x-2,1,5,2,4,2
CMP_0120,STU_004,P034_02,30,2026-09-17T15:33:43Z,2026-09-17T15:37:12Z,209,3,0,8,1,4,2,4,1
CMP_0121,STU_005,P006_01,1,2026-09-03T16:00:00Z,2026-09-03T16:02:23Z,143,2,0,9/24,0,3,2,3,3
CMP_0122,STU_005,P007_01,2,2026-09-03T16:02:58Z,2026-09-03T16:05:47Z,169,3,0,17/12,1,2,2,2,1
CMP_0123,STU_005,P008_01,3,2026-09-03T16:06:43Z,2026-09-03T16:07:50Z,67,1,0,2/5,1,4,1,2,1
CMP_0124,STU_005,P013_01,4,2026-09-03T16:08:21Z,2026-09-03T16:10:11Z,110,1,0,5,1,3,1,1,2
CMP_0125,STU_005,P014_01,5,2026-09-03T16:11:31Z,2026-09-03T16:14:31Z,180,3,1,48,1,4,3,2,1
CMP_0126,STU_005,P015_01,6,2026-09-05T16:00:00Z,2026-09-05T16:01:28Z,88,2,1,-1/4,1,3,2,4,3
CMP_0127,STU_005,P018_01,7,2026-09-05T16:02:00Z,2026-09-05T16:04:32Z,152,3,0,25,1,4,2,2,2
CMP_0128,STU_005,P029_01,8,2026-09-05T16:05:19Z,2026-09-05T16:06:08Z,49,1,0,-14,1,3,2,3,1
CMP_0129,STU_005,P030_01,9,2026-09-05T16:07:12Z,2026-09-05T16:09:42Z,150,1,4,5x+12,1,3,3,5,2
CMP_0130,STU_005,P031_01,10,2026-09-05T16:10:06Z,2026-09-05T16:11:21Z,75,3,0,no,0,3,2,2,3
CMP_0131,STU_005,P032_01,11,2026-09-09T16:00:00Z,2026-09-09T16:02:17Z,137,2,2,x=19,0,4,3,3,2
CMP_0132,STU_005,P033_01,12,2026-09-09T16:02:38Z,2026-09-09T16:04:45Z,127,2,1,subtracting 9,1,5,3,3,2
CMP_0133,STU_005,P034_01,13,2026-09-09T16:05:05Z,2026-09-09T16:07:08Z,123,1,1,11,1,3,2,1,1
CMP_0134,STU_005,P035_01,14,2026-09-09T16:08:11Z,2026-09-09T16:11:43Z,212,1,3,"{-3, 0}",1,4,4,3,2
CMP_0135,STU_005,P036_01,15,2026-09-09T16:12:38Z,2026-09-09T16:14:52Z,134,1,0,x < -3,1,1,2,2,1
CMP_0136,STU_005,P006_02,16,2026-09-11T16:00:00Z,2026-09-11T16:01:41Z,101,3,0,35,1,2,2,2,3
CMP_0137,STU_005,P007_02,17,2026-09-11T16:02:33Z,2026-09-11T16:04:07Z,94,1,1,7/12,1,2,2,3,1
CMP_0138,STU_005,P008_02,18,2026-09-11T16:04:27Z,2026-09-11T16:06:18Z,111,2,2,15/8,1,2,2,2,3
CMP_0139,STU_005,P013_02,19,2026-09-11T16:07:28Z,2026-09-11T16:11:27Z,239,3,2,5,1,3,1,2,2
CMP_0140,STU_005,P014_02,20,2026-09-11T16:12:46Z,2026-09-11T16:15:24Z,158,2,1,-6,1,4,2,2,2
CMP_0141,STU_005,P015_02,21,2026-09-16T16:00:00Z,2026-09-16T16:00:49Z,49,1,0,-2,1,4,2,3,3
CMP_0142,STU_005,P018_02,22,2026-09-16T16:01:37Z,2026-09-16T16:05:09Z,212,4,1,14,0,4,3,2,2
CMP_0143,STU_005,P029_02,23,2026-09-16T16:06:28Z,2026-09-16T16:08:49Z,141,3,2,1,1,3,2,1,1
CMP_0144,STU_005,P030_02,24,2026-09-16T16:09:39Z,2026-09-16T16:11:16Z,97,1,2,2x-2,1,2,1,3,1
CMP_0145,STU_005,P031_02,25,2026-09-16T16:12:16Z,2026-09-16T16:12:51Z,35,1,0,3,1,4,1,2,1
CMP_0146,STU_005,P032_02,26,2026-09-18T16:00:00Z,2026-09-18T16:00:33Z,33,1,0,divide both sides by 4,1,3,3,1,2
CMP_0147,STU_005,P033_02,27,2026-09-18T16:00:56Z,2026-09-18T16:02:27Z,91,1,1,dividing by 5,1,3,1,2,1
CMP_0148,STU_005,P034_02,28,2026-09-18T16:03:09Z,2026-09-18T16:05:11Z,122,1,1,8,1,3,1,3,1
CMP_0149,STU_005,P035_02,29,2026-09-18T16:05:39Z,2026-09-18T16:07:27Z,108,1,2,closed circle at -1; shade right,1,3,3,3,1
CMP_0150,STU_005,P036_02,30,2026-09-18T16:08:03Z,2026-09-18T16:11:18Z,195,1,2,x <= 5,1,2,2,3,1
CMP_0151,STU_006,P007_01,1,2026-09-01T17:06:00Z,2026-09-01T17:07:13Z,73,1,0,17/12,1,5,4,4,1
CMP_0152,STU_006,P013_01,2,2026-09-01T17:07:30Z,2026-09-01T17:10:42Z,192,3,1,5,1,3,3,4,2
CMP_0153,STU_006,P015_01,3,2026-09-01T17:11:50Z,2026-09-01T17:12:46Z,56,1,1,-1/4,1,3,1,5,1
CMP_0154,STU_006,P018_01,4,2026-09-01T17:13:41Z,2026-09-01T17:15:17Z,96,1,1,25,1,5,2,5,3
CMP_0155,STU_006,P022_01,5,2026-09-01T17:15:56Z,2026-09-01T17:17:26Z,90,1,0,1/4,1,4,2,5,2
CMP_0156,STU_006,P023_01,6,2026-09-03T17:06:00Z,2026-09-03T17:07:33Z,93,1,1,54,1,4,3,3,1
CMP_0157,STU_006,P028_01,7,2026-09-03T17:08:30Z,2026-09-03T17:10:28Z,118,1,1,4,1,4,3,4,2
CMP_0158,STU_006,P029_01,8,2026-09-03T17:10:59Z,2026-09-03T17:12:51Z,112,1,0,-14,1,3,4,5,1
CMP_0159,STU_006,P030_01,9,2026-09-03T17:13:21Z,2026-09-03T17:15:58Z,157,3,0,5x+12,1,3,3,4,2
CMP_0160,STU_006,P034_01,10,2026-09-03T17:16:22Z,2026-09-03T17:18:58Z,156,1,0,11,1,2,2,4,2
CMP_0161,STU_006,P037_01,11,2026-09-07T17:06:00Z,2026-09-07T17:08:11Z,131,1,4,II,1,4,1,3,1
CMP_0162,STU_006,P039_01,12,2026-09-07T17:08:31Z,2026-09-07T17:11:16Z,165,1,0,y=3x,1,4,1,4,2
CMP_0163,STU_006,P040_01,13,2026-09-07T17:12:11Z,2026-09-07T17:15:23Z,192,1,1,3,1,5,2,5,1
CMP_0164,STU_006,P041_01,14,2026-09-07T17:16:36Z,2026-09-07T17:18:20Z,104,1,3,2,1,2,2,4,1
CMP_0165,STU_006,P042_01,15,2026-09-07T17:19:26Z,2026-09-07T17:22:49Z,203,1,2,"(0, -3); up 2",1,5,1,4,1
CMP_0166,STU_006,P007_02,16,2026-09-09T17:06:00Z,2026-09-09T17:07:43Z,103,1,1,7/12,1,5,1,5,1
CMP_0167,STU_006,P013_02,17,2026-09-09T17:08:25Z,2026-09-09T17:10:48Z,143,1,3,5,1,4,3,4,1
CMP_0168,STU_006,P015_02,18,2026-09-09T17:11:14Z,2026-09-09T17:12:49Z,95,1,1,-2,1,5,1,5,2
CMP_0169,STU_006,P018_02,19,2026-09-09T17:13:46Z,2026-09-09T17:15:07Z,81,1,0,12,1,3,1,4,1
CMP_0170,STU_006,P022_02,20,2026-09-09T17:16:14Z,2026-09-09T17:17:24Z,70,1,0,x^2,1,3,2,4,1
CMP_0171,STU_006,P023_02,21,2026-09-14T17:06:00Z,2026-09-14T17:08:26Z,146,2,1,6,1,3,2,5,2
CMP_0172,STU_006,P028_02,22,2026-09-14T17:09:12Z,2026-09-14T17:13:10Z,238,4,0,3(x+2),1,4,2,2,1
CMP_0173,STU_006,P029_02,23,2026-09-14T17:13:47Z,2026-09-14T17:15:40Z,113,1,0,1,1,4,3,4,2
CMP_0174,STU_006,P030_02,24,2026-09-14T17:16:31Z,2026-09-14T17:18:17Z,106,1,1,2x-2,1,4,3,5,2
CMP_0175,STU_006,P034_02,25,2026-09-14T17:19:35Z,2026-09-14T17:22:00Z,145,1,0,8,1,5,4,4,1
CMP_0176,STU_006,P037_02,26,2026-09-16T17:06:00Z,2026-09-16T17:08:17Z,137,1,0,"(1.5, -2)",1,5,1,5,2
CMP_0177,STU_006,P039_02,27,2026-09-16T17:08:49Z,2026-09-16T17:10:30Z,101,1,0,10,1,5,2,4,1
CMP_0178,STU_006,P040_02,28,2026-09-16T17:11:07Z,2026-09-16T17:13:50Z,163,1,1,y=4x+2,1,3,2,5,3
CMP_0179,STU_006,P041_02,29,2026-09-16T17:15:08Z,2026-09-16T17:16:38Z,90,1,0,-1,1,5,2,4,1
CMP_0180,STU_006,P042_02,30,2026-09-16T17:16:57Z,2026-09-16T17:19:06Z,129,1,0,"vertical; (-2, 0)",1,4,1,4,2
CMP_0181,STU_007,P007_01,1,2026-09-02T18:12:00Z,2026-09-02T18:13:13Z,73,1,0,17/12,1,3,3,3,1
CMP_0182,STU_007,P012_01,2,2026-09-02T18:13:44Z,2026-09-02T18:16:38Z,174,4,0,"0, -2, 3, -7",0,4,2,4,2
CMP_0183,STU_007,P013_01,3,2026-09-02T18:17:22Z,2026-09-02T18:20:43Z,201,3,2,-19,0,4,3,1,1
CMP_0184,STU_007,P015_01,4,2026-09-02T18:21:59Z,2026-09-02T18:25:04Z,185,1,3,-1/4,1,3,2,2,2
CMP_0185,STU_007,P018_01,5,2026-09-02T18:26:12Z,2026-09-02T18:28:29Z,137,2,1,25,1,3,1,2,3
CMP_0186,STU_007,P027_01,6,2026-09-04T18:12:00Z,2026-09-04T18:13:26Z,86,1,2,unknown number,1,2,2,2,1
CMP_0187,STU_007,P029_01,7,2026-09-04T18:14:22Z,2026-09-04T18:15:28Z,66,1,0,-14,1,3,1,2,2
CMP_0188,STU_007,P030_01,8,2026-09-04T18:16:23Z,2026-09-04T18:17:47Z,84,1,0,5x+12,1,2,1,3,1
CMP_0189,STU_007,P034_01,9,2026-09-04T18:18:29Z,2026-09-04T18:21:26Z,177,1,1,11,1,4,3,2,1
CMP_0190,STU_007,P037_01,10,2026-09-04T18:21:48Z,2026-09-04T18:24:18Z,150,1,0,II,1,4,2,4,1
CMP_0191,STU_007,P038_01,11,2026-09-08T18:12:00Z,2026-09-08T18:14:00Z,120,1,0,"(2, 7)",1,2,2,1,2
CMP_0192,STU_007,P040_01,12,2026-09-08T18:14:49Z,2026-09-08T18:20:28Z,339,4,1,3,1,4,3,3,1
CMP_0193,STU_007,P041_01,13,2026-09-08T18:21:26Z,2026-09-08T18:24:07Z,161,2,1,2,1,4,3,1,1
CMP_0194,STU_007,P043_01,14,2026-09-08T18:25:03Z,2026-09-08T18:27:21Z,138,3,2,yes,0,4,1,2,1
CMP_0195,STU_007,P044_01,15,2026-09-08T18:27:37Z,2026-09-08T18:30:33Z,176,1,1,17,1,3,1,3,2
CMP_0196,STU_007,P007_02,16,2026-09-10T18:12:00Z,2026-09-10T18:13:08Z,68,1,0,7/12,1,4,2,2,2
CMP_0197,STU_007,P012_02,17,2026-09-10T18:13:29Z,2026-09-10T18:14:53Z,84,1,1,9,1,3,2,2,1
CMP_0198,STU_007,P013_02,18,2026-09-10T18:16:01Z,2026-09-10T18:17:54Z,113,2,0,5,1,3,1,4,1
CMP_0199,STU_007,P015_02,19,2026-09-10T18:18:36Z,2026-09-10T18:19:23Z,47,1,0,-2,1,4,3,3,1
CMP_0200,STU_007,P018_02,20,2026-09-10T18:20:26Z,2026-09-10T18:22:24Z,118,1,3,12,1,2,1,3,2
CMP_0201,STU_007,P027_02,21,2026-09-15T18:12:00Z,2026-09-15T18:14:33Z,153,4,1,5b,1,3,2,2,2
CMP_0202,STU_007,P029_02,22,2026-09-15T18:15:32Z,2026-09-15T18:16:21Z,49,1,0,1,1,3,3,3,1
CMP_0203,STU_007,P030_02,23,2026-09-15T18:16:43Z,2026-09-15T18:18:27Z,104,1,3,2x-2,1,4,2,1,1
CMP_0204,STU_007,P034_02,24,2026-09-15T18:18:56Z,2026-09-15T18:20:41Z,105,1,0,8,1,3,2,3,1
CMP_0205,STU_007,P037_02,25,2026-09-15T18:22:00Z,2026-09-15T18:24:21Z,141,1,2,"(1.5, -2)",1,3,1,3,3
CMP_0206,STU_007,P038_02,26,2026-09-17T18:12:00Z,2026-09-17T18:13:27Z,87,1,0,5,1,2,3,2,1
CMP_0207,STU_007,P040_02,27,2026-09-17T18:14:09Z,2026-09-17T18:17:04Z,175,1,1,y=4x+2,1,3,2,3,2
CMP_0208,STU_007,P041_02,28,2026-09-17T18:17:24Z,2026-09-17T18:21:24Z,240,2,3,-1,1,3,2,3,1
CMP_0209,STU_007,P043_02,29,2026-09-17T18:22:00Z,2026-09-17T18:22:52Z,52,1,1,yes,1,1,3,2,5
CMP_0210,STU_007,P044_02,30,2026-09-17T18:23:19Z,2026-09-17T18:25:42Z,143,1,2,-3,1,2,1,2,2
CMP_0211,STU_008,P007_01,1,2026-09-03T15:18:00Z,2026-09-03T15:20:46Z,166,1,2,17/12,1,1,1,3,1
CMP_0212,STU_008,P013_01,2,2026-09-03T15:21:37Z,2026-09-03T15:23:25Z,108,1,2,5,1,4,1,2,2
CMP_0213,STU_008,P015_01,3,2026-09-03T15:24:32Z,2026-09-03T15:25:24Z,52,1,0,-1/4,1,2,2,4,1
CMP_0214,STU_008,P018_01,4,2026-09-03T15:26:11Z,2026-09-03T15:28:56Z,165,1,2,25,1,4,1,3,1
CMP_0215,STU_008,P019_01,5,2026-09-03T15:29:30Z,2026-09-03T15:32:34Z,184,2,1,3.5,0,4,1,4,1
CMP_0216,STU_008,P020_01,6,2026-09-05T15:18:00Z,2026-09-05T15:19:51Z,111,1,2,17,1,5,3,2,1
CMP_0217,STU_008,P029_01,7,2026-09-05T15:20:46Z,2026-09-05T15:22:15Z,89,1,1,-14,1,4,3,5,3
CMP_0218,STU_008,P030_01,8,2026-09-05T15:23:33Z,2026-09-05T15:26:41Z,188,1,3,5x+12,1,1,1,4,3
CMP_0219,STU_008,P034_01,9,2026-09-05T15:27:02Z,2026-09-05T15:29:54Z,172,2,0,11,1,2,3,3,1
CMP_0220,STU_008,P035_01,10,2026-09-05T15:30:28Z,2026-09-05T15:32:50Z,142,1,1,"{-3, 0}",1,3,2,4,3
CMP_0221,STU_008,P036_01,11,2026-09-09T15:18:00Z,2026-09-09T15:20:26Z,146,1,2,x < -3,1,2,2,5,1
CMP_0222,STU_008,P037_01,12,2026-09-09T15:21:06Z,2026-09-09T15:23:22Z,136,1,2,II,1,3,1,3,2
CMP_0223,STU_008,P040_01,13,2026-09-09T15:24:16Z,2026-09-09T15:27:04Z,168,1,0,3,1,2,1,4,2
CMP_0224,STU_008,P041_01,14,2026-09-09T15:28:00Z,2026-09-09T15:29:49Z,109,1,0,2,1,3,2,5,1
CMP_0225,STU_008,P045_01,15,2026-09-09T15:31:06Z,2026-09-09T15:33:22Z,136,2,2,C=4m+2,0,4,2,4,1
CMP_0226,STU_008,P007_02,16,2026-09-11T15:18:00Z,2026-09-11T15:20:17Z,137,1,3,7/12,1,2,1,2,2
CMP_0227,STU_008,P013_02,17,2026-09-11T15:20:36Z,2026-09-11T15:21:33Z,57,1,0,5,1,4,1,4,1
CMP_0228,STU_008,P015_02,18,2026-09-11T15:21:50Z,2026-09-11T15:23:24Z,94,1,2,-2,1,3,1,3,3
CMP_0229,STU_008,P018_02,19,2026-09-11T15:24:39Z,2026-09-11T15:27:03Z,144,1,1,12,1,3,4,3,2
CMP_0230,STU_008,P019_02,20,2026-09-11T15:27:41Z,2026-09-11T15:28:38Z,57,1,0,60%,1,4,2,2,2
CMP_0231,STU_008,P020_02,21,2026-09-16T15:18:00Z,2026-09-16T15:22:38Z,278,4,2,20%,0,2,2,4,4
CMP_0232,STU_008,P029_02,22,2026-09-16T15:23:31Z,2026-09-16T15:26:58Z,207,4,1,1,1,2,4,4,1
CMP_0233,STU_008,P030_02,23,2026-09-16T15:27:49Z,2026-09-16T15:30:28Z,159,3,1,2x-4,0,3,3,5,2
CMP_0234,STU_008,P034_02,24,2026-09-16T15:31:43Z,2026-09-16T15:37:39Z,356,4,2,4,0,4,1,4,2
CMP_0235,STU_008,P035_02,25,2026-09-16T15:37:58Z,2026-09-16T15:40:25Z,147,1,0,closed circle at -1; shade right,1,1,3,2,2
CMP_0236,STU_008,P036_02,26,2026-09-18T15:18:00Z,2026-09-18T15:20:01Z,121,1,3,x <= 5,1,2,2,4,1
CMP_0237,STU_008,P037_02,27,2026-09-18T15:20:32Z,2026-09-18T15:21:50Z,78,1,0,"(1.5, -2)",1,4,3,3,1
CMP_0238,STU_008,P040_02,28,2026-09-18T15:22:52Z,2026-09-18T15:24:31Z,99,1,2,y=4x+2,1,4,1,4,1
CMP_0239,STU_008,P041_02,29,2026-09-18T15:24:56Z,2026-09-18T15:26:31Z,95,1,1,-1,1,3,1,2,2
CMP_0240,STU_008,P045_02,30,2026-09-18T15:27:31Z,2026-09-18T15:30:36Z,185,1,1,y=2x+3,1,2,2,4,1
CMP_0241,STU_009,P006_01,1,2026-09-01T16:24:00Z,2026-09-01T16:25:46Z,106,1,0,3/4,1,4,2,3,4
CMP_0242,STU_009,P007_01,2,2026-09-01T16:26:30Z,2026-09-01T16:29:37Z,187,1,3,17/12,1,5,3,3,1
CMP_0243,STU_009,P008_01,3,2026-09-01T16:30:24Z,2026-09-01T16:31:29Z,65,1,1,2/5,1,4,3,2,1
CMP_0244,STU_009,P013_01,4,2026-09-01T16:32:30Z,2026-09-01T16:33:52Z,82,1,2,5,1,4,2,2,1
CMP_0245,STU_009,P015_01,5,2026-09-01T16:34:38Z,2026-09-01T16:36:11Z,93,1,0,-1/4,1,2,3,4,1
CMP_0246,STU_009,P018_01,6,2026-09-03T16:24:00Z,2026-09-03T16:25:58Z,118,1,2,25,1,4,3,3,1
CMP_0247,STU_009,P029_01,7,2026-09-03T16:26:19Z,2026-09-03T16:28:27Z,128,1,1,-14,1,2,2,2,3
CMP_0248,STU_009,P030_01,8,2026-09-03T16:29:40Z,2026-09-03T16:31:17Z,97,1,0,5x+12,1,2,3,3,1
CMP_0249,STU_009,P031_01,9,2026-09-03T16:32:20Z,2026-09-03T16:35:25Z,185,3,2,yes,1,4,3,3,1
CMP_0250,STU_009,P034_01,10,2026-09-03T16:36:27Z,2026-09-03T16:40:17Z,230,2,0,7,0,2,3,1,2
CMP_0251,STU_009,P037_01,11,2026-09-07T16:24:00Z,2026-09-07T16:26:54Z,174,1,2,II,1,4,2,4,1
CMP_0252,STU_009,P040_01,12,2026-09-07T16:27:17Z,2026-09-07T16:30:30Z,193,1,3,3,1,5,1,2,1
CMP_0253,STU_009,P041_01,13,2026-09-07T16:31:06Z,2026-09-07T16:32:41Z,95,1,0,2,1,5,2,3,1
CMP_0254,STU_009,P046_01,14,2026-09-07T16:33:02Z,2026-09-07T16:34:12Z,70,1,0,yes,1,3,1,4,3
CMP_0255,STU_009,P047_01,15,2026-09-07T16:35:04Z,2026-09-07T16:39:12Z,248,4,0,"(3, 4)",0,4,3,4,2
CMP_0256,STU_009,P006_02,16,2026-09-09T16:24:00Z,2026-09-09T16:25:49Z,109,1,1,35,1,4,3,3,2
CMP_0257,STU_009,P007_02,17,2026-09-09T16:26:24Z,2026-09-09T16:28:38Z,134,1,1,7/12,1,1,2,4,1
CMP_0258,STU_009,P008_02,18,2026-09-09T16:29:09Z,2026-09-09T16:30:48Z,99,3,0,15/8,1,3,1,3,4
CMP_0259,STU_009,P013_02,19,2026-09-09T16:31:15Z,2026-09-09T16:32:41Z,86,1,2,5,1,4,3,3,1
CMP_0260,STU_009,P015_02,20,2026-09-09T16:33:59Z,2026-09-09T16:37:13Z,194,1,4,-2,1,3,2,4,1
CMP_0261,STU_009,P018_02,21,2026-09-14T16:24:00Z,2026-09-14T16:26:23Z,143,2,0,14,0,4,3,1,3
CMP_0262,STU_009,P029_02,22,2026-09-14T16:27:14Z,2026-09-14T16:30:30Z,196,1,3,1,1,3,4,3,1
CMP_0263,STU_009,P030_02,23,2026-09-14T16:31:35Z,2026-09-14T16:34:28Z,173,4,1,2x-2,1,3,2,2,1
CMP_0264,STU_009,P031_02,24,2026-09-14T16:34:54Z,2026-09-14T16:38:09Z,195,5,1,2,0,4,2,1,2
CMP_0265,STU_009,P034_02,25,2026-09-14T16:39:01Z,2026-09-14T16:41:54Z,173,1,2,8,1,4,1,2,3
CMP_0266,STU_009,P037_02,26,2026-09-16T16:24:00Z,2026-09-16T16:26:03Z,123,1,0,"(1.5, -2)",1,5,3,3,3
CMP_0267,STU_009,P040_02,27,2026-09-16T16:27:02Z,2026-09-16T16:29:37Z,155,1,0,y=4x+2,1,3,2,4,1
CMP_0268,STU_009,P041_02,28,2026-09-16T16:30:17Z,2026-09-16T16:32:57Z,160,1,2,-1,1,4,2,1,4
CMP_0269,STU_009,P046_02,29,2026-09-16T16:34:03Z,2026-09-16T16:35:09Z,66,2,0,yes,0,2,2,3,1
CMP_0270,STU_009,P047_02,30,2026-09-16T16:35:53Z,2026-09-16T16:40:24Z,271,4,1,"(3, 7)",1,4,1,2,3
CMP_0271,STU_010,P007_01,1,2026-09-02T17:00:00Z,2026-09-02T17:02:19Z,139,1,2,17/12,1,4,1,4,1
CMP_0272,STU_010,P013_01,2,2026-09-02T17:02:50Z,2026-09-02T17:05:26Z,156,3,0,5,1,4,2,4,1
CMP_0273,STU_010,P015_01,3,2026-09-02T17:06:37Z,2026-09-02T17:08:21Z,104,1,2,-1/4,1,5,1,2,1
CMP_0274,STU_010,P018_01,4,2026-09-02T17:09:09Z,2026-09-02T17:11:36Z,147,2,0,25,1,3,1,4,3
CMP_0275,STU_010,P024_01,5,2026-09-02T17:12:51Z,2026-09-02T17:13:48Z,57,1,0,associative property of addition,1,4,3,3,3
CMP_0276,STU_010,P025_01,6,2026-09-04T17:00:00Z,2026-09-04T17:02:01Z,121,2,2,6*10 + 4,0,4,2,4,2
CMP_0277,STU_010,P029_01,7,2026-09-04T17:03:03Z,2026-09-04T17:06:09Z,186,1,3,-14,1,3,3,2,2
CMP_0278,STU_010,P030_01,8,2026-09-04T17:06:27Z,2026-09-04T17:08:48Z,141,1,1,5x+12,1,5,3,3,2
CMP_0279,STU_010,P032_01,9,2026-09-04T17:10:04Z,2026-09-04T17:11:28Z,84,3,1,x=19,0,3,3,4,4
CMP_0280,STU_010,P033_01,10,2026-09-04T17:12:02Z,2026-09-04T17:15:14Z,192,2,3,subtracting 9,1,4,3,3,4
CMP_0281,STU_010,P034_01,11,2026-09-08T17:00:00Z,2026-09-08T17:01:22Z,82,1,0,11,1,4,2,4,1
CMP_0282,STU_010,P037_01,12,2026-09-08T17:01:44Z,2026-09-08T17:03:26Z,102,1,1,II,1,2,3,3,2
CMP_0283,STU_010,P040_01,13,2026-09-08T17:03:49Z,2026-09-08T17:05:19Z,90,1,0,3,1,4,2,3,2
CMP_0284,STU_010,P041_01,14,2026-09-08T17:06:09Z,2026-09-08T17:07:38Z,89,1,0,2,1,5,3,2,1
CMP_0285,STU_010,P048_01,15,2026-09-08T17:08:31Z,2026-09-08T17:10:33Z,122,1,0,"(2, 3)",1,3,1,4,1
CMP_0286,STU_010,P007_02,16,2026-09-10T17:00:00Z,2026-09-10T17:01:02Z,62,1,0,4/2,0,3,2,4,2
CMP_0287,STU_010,P013_02,17,2026-09-10T17:02:00Z,2026-09-10T17:03:01Z,61,1,1,5,1,3,3,2,2
CMP_0288,STU_010,P015_02,18,2026-09-10T17:04:10Z,2026-09-10T17:05:51Z,101,1,2,-2,1,5,2,3,1
CMP_0289,STU_010,P018_02,19,2026-09-10T17:06:14Z,2026-09-10T17:07:27Z,73,1,1,12,1,3,2,4,2
CMP_0290,STU_010,P024_02,20,2026-09-10T17:08:16Z,2026-09-10T17:10:20Z,124,1,3,commutative property of multiplication,1,3,2,3,2
CMP_0291,STU_010,P025_02,21,2026-09-15T17:00:00Z,2026-09-15T17:01:23Z,83,1,1,152,1,2,1,3,1
CMP_0292,STU_010,P029_02,22,2026-09-15T17:01:51Z,2026-09-15T17:03:09Z,78,2,0,1,1,2,2,4,3
CMP_0293,STU_010,P030_02,23,2026-09-15T17:03:26Z,2026-09-15T17:04:49Z,83,2,0,2x-2,1,3,2,1,4
CMP_0294,STU_010,P032_02,24,2026-09-15T17:06:01Z,2026-09-15T17:06:47Z,46,1,1,divide both sides by 4,1,2,1,2,1
CMP_0295,STU_010,P033_02,25,2026-09-15T17:07:17Z,2026-09-15T17:07:59Z,42,1,0,dividing by 5,1,4,3,3,2
CMP_0296,STU_010,P034_02,26,2026-09-17T17:00:00Z,2026-09-17T17:02:27Z,147,1,1,8,1,4,2,3,4
CMP_0297,STU_010,P037_02,27,2026-09-17T17:02:50Z,2026-09-17T17:06:00Z,190,1,1,"(1.5, -2)",1,5,1,3,1
CMP_0298,STU_010,P040_02,28,2026-09-17T17:06:19Z,2026-09-17T17:09:06Z,167,1,1,y=4x+2,1,3,1,1,1
CMP_0299,STU_010,P041_02,29,2026-09-17T17:09:38Z,2026-09-17T17:10:51Z,73,1,0,-1,1,3,3,3,1
CMP_0300,STU_010,P048_02,30,2026-09-17T17:12:11Z,2026-09-17T17:15:01Z,170,1,0,0,1,3,2,2,3
CMP_0301,STU_011,P006_01,1,2026-09-03T18:06:00Z,2026-09-03T18:07:41Z,101,2,0,3/4,1,5,2,2,2
CMP_0302,STU_011,P007_01,2,2026-09-03T18:08:23Z,2026-09-03T18:11:31Z,188,4,0,5/7,0,3,2,4,2
CMP_0303,STU_011,P008_01,3,2026-09-03T18:12:27Z,2026-09-03T18:14:27Z,120,1,1,2/5,1,4,3,1,1
CMP_0304,STU_011,P013_01,4,2026-09-03T18:15:32Z,2026-09-03T18:17:16Z,104,1,1,5,1,5,3,3,1
CMP_0305,STU_011,P014_01,5,2026-09-03T18:18:16Z,2026-09-03T18:19:46Z,90,1,1,48,1,2,2,2,1
CMP_0306,STU_011,P015_01,6,2026-09-05T18:06:00Z,2026-09-05T18:07:38Z,98,1,1,-1/4,1,2,4,5,2
CMP_0307,STU_011,P018_01,7,2026-09-05T18:08:09Z,2026-09-05T18:10:42Z,153,1,2,25,1,5,2,3,1
CMP_0308,STU_011,P029_01,8,2026-09-05T18:11:31Z,2026-09-05T18:13:05Z,94,1,0,-14,1,5,1,3,1
CMP_0309,STU_011,P030_01,9,2026-09-05T18:14:12Z,2026-09-05T18:15:42Z,90,2,0,5x+12,1,5,3,2,3
CMP_0310,STU_011,P034_01,10,2026-09-05T18:16:13Z,2026-09-05T18:18:17Z,124,1,0,11,1,4,2,3,2
CMP_0311,STU_011,P040_01,11,2026-09-09T18:06:00Z,2026-09-09T18:09:59Z,239,4,1,3,1,3,2,3,2
CMP_0312,STU_011,P041_01,12,2026-09-09T18:11:00Z,2026-09-09T18:12:29Z,89,1,0,2,1,4,1,3,1
CMP_0313,STU_011,P042_01,13,2026-09-09T18:12:51Z,2026-09-09T18:15:24Z,153,1,0,"(0, -3); up 2",1,3,2,2,1
CMP_0314,STU_011,P046_01,14,2026-09-09T18:15:40Z,2026-09-09T18:16:47Z,67,2,0,yes,1,5,1,2,2
CMP_0315,STU_011,P047_01,15,2026-09-09T18:18:02Z,2026-09-09T18:21:22Z,200,4,0,"(4, 3)",1,4,1,2,3
CMP_0316,STU_011,P006_02,16,2026-09-11T18:06:00Z,2026-09-11T18:08:30Z,150,1,2,35,1,4,1,3,1
CMP_0317,STU_011,P007_02,17,2026-09-11T18:09:10Z,2026-09-11T18:10:22Z,72,1,0,7/12,1,4,2,4,2
CMP_0318,STU_011,P008_02,18,2026-09-11T18:11:37Z,2026-09-11T18:13:10Z,93,1,1,15/8,1,3,2,4,1
CMP_0319,STU_011,P013_02,19,2026-09-11T18:14:24Z,2026-09-11T18:15:58Z,94,1,0,5,1,3,3,2,1
CMP_0320,STU_011,P014_02,20,2026-09-11T18:17:10Z,2026-09-11T18:18:17Z,67,1,0,-6,1,5,1,4,1
CMP_0321,STU_011,P015_02,21,2026-09-16T18:06:00Z,2026-09-16T18:07:32Z,92,1,4,-2,1,4,4,4,4
CMP_0322,STU_011,P018_02,22,2026-09-16T18:08:52Z,2026-09-16T18:12:02Z,190,4,0,14,0,2,2,3,1
CMP_0323,STU_011,P029_02,23,2026-09-16T18:12:39Z,2026-09-16T18:14:44Z,125,1,1,1,1,5,4,3,1
CMP_0324,STU_011,P030_02,24,2026-09-16T18:15:27Z,2026-09-16T18:17:42Z,135,1,1,2x-2,1,5,2,4,2
CMP_0325,STU_011,P034_02,25,2026-09-16T18:18:13Z,2026-09-16T18:23:00Z,287,5,1,8,1,3,4,3,1
CMP_0326,STU_011,P040_02,26,2026-09-18T18:06:00Z,2026-09-18T18:08:08Z,128,1,0,y=4x+2,1,4,1,3,2
CMP_0327,STU_011,P041_02,27,2026-09-18T18:09:21Z,2026-09-18T18:10:35Z,74,1,0,-1,1,5,3,4,1
CMP_0328,STU_011,P042_02,28,2026-09-18T18:11:43Z,2026-09-18T18:13:54Z,131,4,0,"vertical; (-2, 0)",1,5,3,2,1
CMP_0329,STU_011,P046_02,29,2026-09-18T18:14:34Z,2026-09-18T18:15:25Z,51,1,0,no,1,5,2,3,2
CMP_0330,STU_011,P047_02,30,2026-09-18T18:16:14Z,2026-09-18T18:19:19Z,185,1,3,"(3, 7)",1,5,2,3,1
CMP_0331,STU_012,P007_01,1,2026-09-01T15:12:00Z,2026-09-01T15:14:17Z,137,1,3,17/12,1,5,2,5,1
CMP_0332,STU_012,P015_01,2,2026-09-01T15:15:12Z,2026-09-01T15:16:37Z,85,1,3,-1/4,1,3,1,4,1
CMP_0333,STU_012,P021_01,3,2026-09-01T15:17:49Z,2026-09-01T15:19:35Z,106,1,3,81,1,5,1,4,1
CMP_0334,STU_012,P022_01,4,2026-09-01T15:19:55Z,2026-09-01T15:22:07Z,132,2,2,1/4,1,4,2,4,2
CMP_0335,STU_012,P023_01,5,2026-09-01T15:22:28Z,2026-09-01T15:24:49Z,141,4,0,54,1,5,3,4,2
CMP_0336,STU_012,P028_01,6,2026-09-03T15:12:00Z,2026-09-03T15:14:24Z,144,3,0,4,1,5,2,5,1
CMP_0337,STU_012,P029_01,7,2026-09-03T15:14:41Z,2026-09-03T15:16:32Z,111,1,1,-14,1,3,3,3,1
CMP_0338,STU_012,P030_01,8,2026-09-03T15:17:25Z,2026-09-03T15:18:40Z,75,1,0,5x+12,1,4,3,4,1
CMP_0339,STU_012,P034_01,9,2026-09-03T15:19:29Z,2026-09-03T15:22:10Z,161,3,0,11,1,2,3,3,1
CMP_0340,STU_012,P040_01,10,2026-09-03T15:23:21Z,2026-09-03T15:25:37Z,136,1,0,3,1,5,2,5,1
CMP_0341,STU_012,P041_01,11,2026-09-07T15:12:00Z,2026-09-07T15:14:14Z,134,1,1,2,1,5,3,3,1
CMP_0342,STU_012,P042_01,12,2026-09-07T15:15:26Z,2026-09-07T15:18:48Z,202,2,1,"(0, -3); up 2",1,4,2,3,1
CMP_0343,STU_012,P044_01,13,2026-09-07T15:20:08Z,2026-09-07T15:22:47Z,159,1,0,17,1,5,1,4,4
CMP_0344,STU_012,P046_01,14,2026-09-07T15:23:21Z,2026-09-07T15:24:12Z,51,1,1,yes,1,5,1,5,2
CMP_0345,STU_012,P047_01,15,2026-09-07T15:25:10Z,2026-09-07T15:29:04Z,234,2,2,"(4, 3)",1,5,1,4,3
CMP_0346,STU_012,P007_02,16,2026-09-09T15:12:00Z,2026-09-09T15:12:55Z,55,1,0,7/12,1,3,3,5,1
CMP_0347,STU_012,P015_02,17,2026-09-09T15:13:39Z,2026-09-09T15:14:33Z,54,1,0,-2,1,5,1,3,1
CMP_0348,STU_012,P021_02,18,2026-09-09T15:15:32Z,2026-09-09T15:16:14Z,42,1,0,5^3,1,4,2,5,2
CMP_0349,STU_012,P022_02,19,2026-09-09T15:16:50Z,2026-09-09T15:18:01Z,71,1,2,x^2,1,5,1,4,1
CMP_0350,STU_012,P023_02,20,2026-09-09T15:19:15Z,2026-09-09T15:20:38Z,83,1,2,6,1,5,1,3,1
CMP_0351,STU_012,P028_02,21,2026-09-14T15:12:00Z,2026-09-14T15:13:25Z,85,1,0,3(x+2),1,5,2,5,1
CMP_0352,STU_012,P029_02,22,2026-09-14T15:13:44Z,2026-09-14T15:16:12Z,148,1,2,1,1,5,2,5,1
CMP_0353,STU_012,P030_02,23,2026-09-14T15:16:53Z,2026-09-14T15:17:42Z,49,1,0,2x-2,1,4,2,4,1
CMP_0354,STU_012,P034_02,24,2026-09-14T15:18:45Z,2026-09-14T15:22:23Z,218,2,4,4,0,3,2,3,1
CMP_0355,STU_012,P040_02,25,2026-09-14T15:23:04Z,2026-09-14T15:24:22Z,78,1,0,y=4x+2,1,5,2,3,2
CMP_0356,STU_012,P041_02,26,2026-09-16T15:12:00Z,2026-09-16T15:13:47Z,107,1,0,-1,1,5,2,5,1
CMP_0357,STU_012,P042_02,27,2026-09-16T15:15:00Z,2026-09-16T15:16:19Z,79,1,1,"vertical; (-2, 0)",1,5,2,3,2
CMP_0358,STU_012,P044_02,28,2026-09-16T15:16:54Z,2026-09-16T15:18:34Z,100,1,0,-3,1,3,4,3,1
CMP_0359,STU_012,P046_02,29,2026-09-16T15:18:50Z,2026-09-16T15:19:47Z,57,1,0,no,1,5,1,4,1
CMP_0360,STU_012,P047_02,30,2026-09-16T15:20:14Z,2026-09-16T15:22:04Z,110,3,1,"(3, 7)",1,3,2,5,1
CMP_0361,STU_013,P007_01,1,2026-09-02T16:18:00Z,2026-09-02T16:20:03Z,123,1,1,17/12,1,5,1,4,1
CMP_0362,STU_013,P015_01,2,2026-09-02T16:20:40Z,2026-09-02T16:21:57Z,77,1,0,-1/4,1,5,1,4,1
CMP_0363,STU_013,P026_01,3,2026-09-02T16:22:35Z,2026-09-02T16:23:23Z,48,1,0,7,1,5,1,4,1
CMP_0364,STU_013,P029_01,4,2026-09-02T16:23:54Z,2026-09-02T16:25:17Z,83,1,0,-14,1,4,3,4,3
CMP_0365,STU_013,P030_01,5,2026-09-02T16:26:13Z,2026-09-02T16:28:05Z,112,1,1,5x+12,1,4,1,4,1
CMP_0366,STU_013,P031_01,6,2026-09-04T16:18:00Z,2026-09-04T16:19:02Z,62,1,2,yes,1,4,3,2,1
CMP_0367,STU_013,P032_01,7,2026-09-04T16:20:21Z,2026-09-04T16:22:26Z,125,1,2,x=19,0,4,1,2,3
CMP_0368,STU_013,P033_01,8,2026-09-04T16:22:59Z,2026-09-04T16:24:01Z,62,1,1,subtracting 9,1,4,3,4,1
CMP_0369,STU_013,P034_01,9,2026-09-04T16:25:17Z,2026-09-04T16:27:54Z,157,1,0,11,1,3,3,3,2
CMP_0370,STU_013,P040_01,10,2026-09-04T16:28:19Z,2026-09-04T16:29:25Z,66,1,0,3,1,5,2,5,3
CMP_0371,STU_013,P041_01,11,2026-09-08T16:18:00Z,2026-09-08T16:20:41Z,161,1,2,2,1,5,2,5,1
CMP_0372,STU_013,P042_01,12,2026-09-08T16:21:44Z,2026-09-08T16:23:28Z,104,1,0,"(0, -3); up 2",1,5,2,3,1
CMP_0373,STU_013,P046_01,13,2026-09-08T16:24:29Z,2026-09-08T16:27:03Z,154,3,0,yes,1,4,2,5,1
CMP_0374,STU_013,P047_01,14,2026-09-08T16:27:47Z,2026-09-08T16:30:01Z,134,1,0,"(4, 3)",1,2,2,5,2
CMP_0375,STU_013,P048_01,15,2026-09-08T16:30:27Z,2026-09-08T16:33:02Z,155,1,0,"(2, 3)",1,5,2,5,1
CMP_0376,STU_013,P007_02,16,2026-09-10T16:18:00Z,2026-09-10T16:19:03Z,63,1,0,7/12,1,3,1,5,2
CMP_0377,STU_013,P015_02,17,2026-09-10T16:19:54Z,2026-09-10T16:21:01Z,67,1,0,-2,1,5,2,4,1
CMP_0378,STU_013,P026_02,18,2026-09-10T16:21:22Z,2026-09-10T16:23:40Z,138,3,0,true,1,5,1,5,1
CMP_0379,STU_013,P029_02,19,2026-09-10T16:24:17Z,2026-09-10T16:25:46Z,89,1,0,1,1,4,1,4,2
CMP_0380,STU_013,P030_02,20,2026-09-10T16:26:21Z,2026-09-10T16:28:20Z,119,3,0,2x-2,1,4,3,5,2
CMP_0381,STU_013,P031_02,21,2026-09-15T16:18:00Z,2026-09-15T16:19:55Z,115,2,0,3,1,5,3,4,1
CMP_0382,STU_013,P032_02,22,2026-09-15T16:20:52Z,2026-09-15T16:21:39Z,47,1,1,divide both sides by 4,1,5,4,5,2
CMP_0383,STU_013,P033_02,23,2026-09-15T16:22:45Z,2026-09-15T16:23:38Z,53,1,1,dividing by 5,1,4,3,5,1
CMP_0384,STU_013,P034_02,24,2026-09-15T16:24:48Z,2026-09-15T16:28:13Z,205,2,3,8,1,3,4,4,1
CMP_0385,STU_013,P040_02,25,2026-09-15T16:29:07Z,2026-09-15T16:30:38Z,91,1,1,y=4x+2,1,5,1,4,2
CMP_0386,STU_013,P041_02,26,2026-09-17T16:18:00Z,2026-09-17T16:20:08Z,128,1,0,-1,1,5,2,4,2
CMP_0387,STU_013,P042_02,27,2026-09-17T16:20:50Z,2026-09-17T16:22:19Z,89,1,1,"vertical; (-2, 0)",1,5,4,4,2
CMP_0388,STU_013,P046_02,28,2026-09-17T16:23:10Z,2026-09-17T16:24:24Z,74,1,0,no,1,5,1,4,2
CMP_0389,STU_013,P047_02,29,2026-09-17T16:25:38Z,2026-09-17T16:29:27Z,229,4,2,"(3, 7)",1,3,2,2,2
CMP_0390,STU_013,P048_02,30,2026-09-17T16:30:20Z,2026-09-17T16:32:30Z,130,1,0,0,1,5,3,5,1
CMP_0391,STU_014,P007_01,1,2026-09-03T17:24:00Z,2026-09-03T17:26:52Z,172,1,3,17/12,1,2,3,3,3
CMP_0392,STU_014,P015_01,2,2026-09-03T17:28:01Z,2026-09-03T17:29:54Z,113,3,0,-1/4,1,3,3,2,3
CMP_0393,STU_014,P016_01,3,2026-09-03T17:30:39Z,2026-09-03T17:33:48Z,189,2,1,2:3,1,2,4,2,4
CMP_0394,STU_014,P017_01,4,2026-09-03T17:34:37Z,2026-09-03T17:38:05Z,208,3,1,50,1,2,1,5,3
CMP_0395,STU_014,P029_01,5,2026-09-03T17:38:37Z,2026-09-03T17:40:56Z,139,1,1,-14,1,2,2,4,1
CMP_0396,STU_014,P030_01,6,2026-09-05T17:24:00Z,2026-09-05T17:25:09Z,69,1,0,5x+12,1,3,3,3,2
CMP_0397,STU_014,P034_01,7,2026-09-05T17:25:47Z,2026-09-05T17:29:48Z,241,3,4,7,0,3,2,4,1
CMP_0398,STU_014,P037_01,8,2026-09-05T17:30:48Z,2026-09-05T17:33:43Z,175,1,0,II,1,4,2,4,4
CMP_0399,STU_014,P038_01,9,2026-09-05T17:34:23Z,2026-09-05T17:37:04Z,161,3,1,"(2, 7)",1,3,3,5,2
CMP_0400,STU_014,P039_01,10,2026-09-05T17:38:19Z,2026-09-05T17:41:01Z,162,5,0,y=3x,1,1,3,5,3
CMP_0401,STU_014,P040_01,11,2026-09-09T17:24:00Z,2026-09-09T17:25:58Z,118,1,2,3,1,4,3,5,2
CMP_0402,STU_014,P041_01,12,2026-09-09T17:27:09Z,2026-09-09T17:30:31Z,202,3,0,1/2,0,2,4,4,2
CMP_0403,STU_014,P042_01,13,2026-09-09T17:30:56Z,2026-09-09T17:35:10Z,254,4,0,"(0, -3); up 2",1,3,4,3,1
CMP_0404,STU_014,P046_01,14,2026-09-09T17:35:49Z,2026-09-09T17:36:43Z,54,1,0,yes,1,1,1,4,1
CMP_0405,STU_014,P047_01,15,2026-09-09T17:38:03Z,2026-09-09T17:40:37Z,154,1,1,"(4, 3)",1,4,1,3,1
CMP_0406,STU_014,P007_02,16,2026-09-11T17:24:00Z,2026-09-11T17:25:16Z,76,1,1,7/12,1,3,1,4,2
CMP_0407,STU_014,P015_02,17,2026-09-11T17:26:13Z,2026-09-11T17:28:44Z,151,2,2,-2,1,3,2,4,3
CMP_0408,STU_014,P016_02,18,2026-09-11T17:29:33Z,2026-09-11T17:32:30Z,177,1,4,3:2,1,2,2,5,3
CMP_0409,STU_014,P017_02,19,2026-09-11T17:33:11Z,2026-09-11T17:34:45Z,94,1,0,4.5,1,2,3,3,1
CMP_0410,STU_014,P029_02,20,2026-09-11T17:35:01Z,2026-09-11T17:37:00Z,119,1,2,1,1,3,4,3,3
CMP_0411,STU_014,P030_02,21,2026-09-16T17:24:00Z,2026-09-16T17:25:54Z,114,1,1,2x-2,1,3,1,3,3
CMP_0412,STU_014,P034_02,22,2026-09-16T17:26:55Z,2026-09-16T17:31:26Z,271,3,0,8,1,3,2,5,1
CMP_0413,STU_014,P037_02,23,2026-09-16T17:31:59Z,2026-09-16T17:35:21Z,202,4,2,"(1.5, -2)",1,2,4,5,4
CMP_0414,STU_014,P038_02,24,2026-09-16T17:35:59Z,2026-09-16T17:37:43Z,104,1,1,5,1,2,4,3,2
CMP_0415,STU_014,P039_02,25,2026-09-16T17:39:01Z,2026-09-16T17:40:43Z,102,1,0,10,1,4,2,5,1
CMP_0416,STU_014,P040_02,26,2026-09-18T17:24:00Z,2026-09-18T17:26:52Z,172,3,2,y=4x+2,1,4,3,3,2
CMP_0417,STU_014,P041_02,27,2026-09-18T17:27:10Z,2026-09-18T17:29:29Z,139,1,1,-1,1,3,1,4,2
CMP_0418,STU_014,P042_02,28,2026-09-18T17:30:21Z,2026-09-18T17:32:53Z,152,1,0,"vertical; (-2, 0)",1,3,3,4,3
CMP_0419,STU_014,P046_02,29,2026-09-18T17:34:10Z,2026-09-18T17:35:05Z,55,1,0,no,1,2,4,3,4
CMP_0420,STU_014,P047_02,30,2026-09-18T17:35:53Z,2026-09-18T17:39:38Z,225,3,1,"(7, 3)",0,2,3,4,2
CMP_0421,STU_015,P007_01,1,2026-09-01T18:00:00Z,2026-09-01T18:01:08Z,68,1,0,5/7,0,3,2,2,2
CMP_0422,STU_015,P015_01,2,2026-09-01T18:01:46Z,2026-09-01T18:04:19Z,153,3,0,-1/4,1,4,3,3,2
CMP_0423,STU_015,P020_01,3,2026-09-01T18:04:44Z,2026-09-01T18:07:54Z,190,2,2,65,0,2,2,4,1
CMP_0424,STU_015,P029_01,4,2026-09-01T18:08:59Z,2026-09-01T18:10:16Z,77,1,1,-14,1,2,1,2,1
CMP_0425,STU_015,P030_01,5,2026-09-01T18:11:20Z,2026-09-01T18:13:23Z,123,1,2,5x+12,1,3,3,4,2
CMP_0426,STU_015,P034_01,6,2026-09-03T18:00:00Z,2026-09-03T18:01:38Z,98,1,2,11,1,5,2,1,2
CMP_0427,STU_015,P035_01,7,2026-09-03T18:01:53Z,2026-09-03T18:04:56Z,183,2,1,"{-3, 0}",1,1,3,2,2
CMP_0428,STU_015,P036_01,8,2026-09-03T18:05:35Z,2026-09-03T18:09:51Z,256,4,0,x < -3,1,3,4,1,3
CMP_0429,STU_015,P040_01,9,2026-09-03T18:10:59Z,2026-09-03T18:13:59Z,180,3,1,3,1,2,2,1,3
CMP_0430,STU_015,P041_01,10,2026-09-03T18:14:21Z,2026-09-03T18:17:25Z,184,3,1,2,1,4,2,2,1
CMP_0431,STU_015,P042_01,11,2026-09-07T18:00:00Z,2026-09-07T18:02:29Z,149,4,0,"(0, -3); up 2",1,4,1,4,3
CMP_0432,STU_015,P043_01,12,2026-09-07T18:03:49Z,2026-09-07T18:04:26Z,37,1,0,no,1,4,2,2,2
CMP_0433,STU_015,P045_01,13,2026-09-07T18:04:48Z,2026-09-07T18:07:21Z,153,2,2,C=2m+4,1,4,1,2,2
CMP_0434,STU_015,P046_01,14,2026-09-07T18:08:06Z,2026-09-07T18:09:12Z,66,1,2,yes,1,4,2,4,3
CMP_0435,STU_015,P047_01,15,2026-09-07T18:10:32Z,2026-09-07T18:12:10Z,98,1,2,"(4, 3)",1,5,3,3,2
CMP_0436,STU_015,P007_02,16,2026-09-09T18:00:00Z,2026-09-09T18:02:42Z,162,3,2,7/12,1,4,3,2,3
CMP_0437,STU_015,P015_02,17,2026-09-09T18:03:50Z,2026-09-09T18:05:44Z,114,1,2,-2,1,3,1,1,3
CMP_0438,STU_015,P020_02,18,2026-09-09T18:06:48Z,2026-09-09T18:10:52Z,244,4,0,25%,1,2,3,1,1
CMP_0439,STU_015,P029_02,19,2026-09-09T18:12:00Z,2026-09-09T18:13:32Z,92,1,1,1,1,3,2,3,5
CMP_0440,STU_015,P030_02,20,2026-09-09T18:14:02Z,2026-09-09T18:16:21Z,139,1,3,2x-2,1,4,2,3,1
CMP_0441,STU_015,P034_02,21,2026-09-14T18:00:00Z,2026-09-14T18:02:43Z,163,1,2,8,1,3,2,2,1
CMP_0442,STU_015,P035_02,22,2026-09-14T18:03:47Z,2026-09-14T18:05:34Z,107,1,1,closed circle at -1; shade right,1,5,2,1,2
CMP_0443,STU_015,P036_02,23,2026-09-14T18:05:53Z,2026-09-14T18:09:37Z,224,2,2,x <= 5,1,3,2,3,1
CMP_0444,STU_015,P040_02,24,2026-09-14T18:10:41Z,2026-09-14T18:13:29Z,168,1,0,y=4x+2,1,4,3,3,1
CMP_0445,STU_015,P041_02,25,2026-09-14T18:13:44Z,2026-09-14T18:16:42Z,178,3,2,-1,1,3,3,3,2
CMP_0446,STU_015,P042_02,26,2026-09-16T18:00:00Z,2026-09-16T18:02:57Z,177,1,2,"vertical; (-2, 0)",1,4,3,1,2
CMP_0447,STU_015,P043_02,27,2026-09-16T18:03:45Z,2026-09-16T18:04:39Z,54,1,1,yes,1,2,3,2,3
CMP_0448,STU_015,P045_02,28,2026-09-16T18:05:26Z,2026-09-16T18:07:56Z,150,1,2,y=3x+2,0,4,3,3,1
CMP_0449,STU_015,P046_02,29,2026-09-16T18:08:13Z,2026-09-16T18:09:09Z,56,1,0,no,1,2,1,2,1
CMP_0450,STU_015,P047_02,30,2026-09-16T18:10:09Z,2026-09-16T18:13:23Z,194,1,2,"(3, 7)",1,5,2,2,1
