student_id,concept_id,concept_name,problems_completed,problems_correct,final_accuracy,first_attempt_correct,mean_attempts,mean_hints,mean_time_seconds,mean_confidence,mean_confusion,mean_determination,mean_frustration
STU_001,MATH_001,Whole-number place value and magnitude,2,2,1.0,2,1.0,0.5,66.0,4.5,1.5,3.0,2.0
STU_001,MATH_002,Whole-number addition and subtraction,2,2,1.0,1,1.5,1.5,168.5,2.5,2.5,1.5,1.5
STU_001,MATH_003,Whole-number multiplication and division,2,2,1.0,1,1.5,2.5,123.0,2.5,2.0,1.5,2.5
STU_001,MATH_004,Factors and multiples,2,2,1.0,1,1.5,1.0,120.0,3.0,2.0,2.0,3.0
STU_001,MATH_005,Fraction meaning,2,2,1.0,2,1.0,0.5,84.5,3.0,1.5,1.5,1.0
STU_001,MATH_006,Equivalent fractions,2,2,1.0,2,1.0,1.0,75.0,2.5,3.0,2.0,1.5
STU_001,MATH_007,Fraction addition and subtraction,2,2,1.0,1,1.5,0.5,129.5,3.0,2.0,2.5,1.5
STU_001,MATH_008,Fraction multiplication and division,2,2,1.0,2,1.0,1.0,93.0,4.0,1.5,3.0,1.5
STU_001,MATH_013,Integer addition and subtraction,2,1,0.5,1,1.5,2.5,130.0,3.5,1.0,2.5,2.5
STU_001,MATH_014,Integer multiplication and division,2,2,1.0,2,1.0,1.5,113.0,3.5,1.5,2.0,1.0
STU_001,MATH_015,Signed rational-number operations,2,2,1.0,2,1.0,1.5,77.5,4.5,2.5,2.5,1.5
STU_001,MATH_018,Proportional reasoning,2,2,1.0,2,1.0,2.0,136.0,4.0,2.0,1.5,1.5
STU_001,MATH_029,Substitution and expression evaluation,2,2,1.0,2,1.0,1.5,124.5,4.0,1.5,2.5,3.0
STU_001,MATH_030,Equivalent linear expressions,2,2,1.0,0,3.5,0.0,165.0,4.0,1.5,3.0,2.5
STU_001,MATH_034,Solving linear equations in one variable,2,2,1.0,2,1.0,1.5,106.5,2.0,1.5,2.5,2.0
STU_002,MATH_006,Equivalent fractions,2,2,1.0,1,2.0,0.0,99.5,3.5,3.5,3.0,1.5
STU_002,MATH_007,Fraction addition and subtraction,2,2,1.0,1,1.5,0.0,96.0,4.5,1.5,5.0,2.0
STU_002,MATH_008,Fraction multiplication and division,2,2,1.0,2,1.0,1.0,68.0,4.0,3.0,3.0,1.5
STU_002,MATH_009,Decimal place value,2,2,1.0,2,1.0,0.0,46.0,4.0,1.5,4.5,2.0
STU_002,MATH_010,Decimal operations,2,2,1.0,2,1.0,0.0,77.0,3.5,2.0,4.0,1.5
STU_002,MATH_011,Fraction–decimal conversion,2,2,1.0,1,2.5,0.5,122.0,3.5,1.5,4.0,2.0
STU_002,MATH_012,Signed numbers and order,2,2,1.0,1,1.5,0.5,91.5,4.5,1.5,4.5,1.0
STU_002,MATH_013,Integer addition and subtraction,2,2,1.0,1,2.5,1.5,151.5,4.5,2.0,3.5,1.5
STU_002,MATH_014,Integer multiplication and division,2,2,1.0,2,1.0,0.0,109.5,4.5,2.0,3.5,2.0
STU_002,MATH_015,Signed rational-number operations,2,2,1.0,2,1.0,3.0,158.5,2.0,1.5,3.5,1.5
STU_002,MATH_016,Ratios,2,2,1.0,2,1.0,0.0,73.0,4.5,1.0,5.0,2.0
STU_002,MATH_018,Proportional reasoning,2,2,1.0,2,1.0,0.0,76.5,4.0,3.0,4.0,2.5
STU_002,MATH_029,Substitution and expression evaluation,2,1,0.5,0,2.0,2.5,152.0,4.5,3.0,4.0,1.5
STU_002,MATH_030,Equivalent linear expressions,2,2,1.0,1,2.0,0.5,134.0,3.5,2.5,3.0,2.0
STU_002,MATH_034,Solving linear equations in one variable,2,2,1.0,1,2.5,1.0,151.5,4.5,2.0,5.0,2.0
STU_003,MATH_006,Equivalent fractions,2,1,0.5,1,1.5,0.5,106.5,2.5,3.5,4.5,3.0
STU_003,MATH_007,Fraction addition and subtraction,2,2,1.0,2,1.0,1.5,123.0,3.0,1.5,3.0,1.5
STU_003,MATH_008,Fraction multiplication and division,2,2,1.0,0,2.5,0.0,133.5,1.0,2.5,4.5,2.0
STU_003,MATH_013,Integer addition and subtraction,2,2,1.0,2,1.0,1.5,124.0,2.5,3.5,4.5,4.5
STU_003,MATH_014,Integer multiplication and division,2,0,0.0,0,3.5,2.0,268.5,2.0,3.0,3.0,2.0
STU_003,MATH_015,Signed rational-number operations,2,2,1.0,2,1.0,0.5,116.5,3.0,1.5,4.0,2.5
STU_003,MATH_017,Unit rates,2,2,1.0,1,1.5,0.5,128.0,3.0,2.0,4.5,2.5
STU_003,MATH_018,Proportional reasoning,2,2,1.0,0,2.5,0.5,101.0,4.0,2.5,3.0,3.5
STU_003,MATH_019,Percent representations,2,2,1.0,2,1.0,0.0,65.0,4.0,2.5,3.5,3.5
STU_003,MATH_020,Percent problem solving,2,2,1.0,1,2.5,1.0,138.5,3.5,2.5,4.0,1.5
STU_003,MATH_021,Whole-number exponents,2,2,1.0,2,1.0,2.5,95.0,4.0,1.0,5.0,2.0
STU_003,MATH_023,Order of operations,2,2,1.0,2,1.0,1.0,113.0,2.0,3.0,5.0,1.0
STU_003,MATH_029,Substitution and expression evaluation,2,2,1.0,1,1.5,1.0,119.5,2.5,3.0,4.0,2.0
STU_003,MATH_030,Equivalent linear expressions,2,1,0.5,0,2.5,1.5,152.5,2.5,2.5,3.5,1.5
STU_003,MATH_034,Solving linear equations in one variable,2,2,1.0,1,2.0,3.5,266.5,3.5,4.0,5.0,3.0
STU_004,MATH_006,Equivalent fractions,2,1,0.5,0,1.5,0.5,86.5,4.0,3.0,4.5,2.0
STU_004,MATH_007,Fraction addition and subtraction,2,2,1.0,1,2.5,0.5,169.0,2.5,2.5,5.0,2.0
STU_004,MATH_008,Fraction multiplication and division,2,2,1.0,2,1.0,1.5,83.0,3.5,2.5,4.0,1.5
STU_004,MATH_013,Integer addition and subtraction,2,2,1.0,1,1.5,1.0,114.0,2.0,2.0,4.5,1.5
STU_004,MATH_014,Integer multiplication and division,2,2,1.0,2,1.0,1.5,136.0,3.0,2.5,4.0,2.0
STU_004,MATH_015,Signed rational-number operations,2,2,1.0,2,1.0,0.5,118.5,3.0,2.5,4.0,1.0
STU_004,MATH_018,Proportional reasoning,2,2,1.0,2,1.0,2.0,118.0,3.0,1.5,4.0,1.5
STU_004,MATH_024,Commutative and associative properties,2,2,1.0,1,2.0,1.5,146.0,1.5,2.5,4.5,1.0
STU_004,MATH_025,Distributive property,2,1,0.5,1,2.5,0.0,170.5,2.0,3.5,4.0,1.5
STU_004,MATH_026,Meaning of equality,2,2,1.0,1,1.5,1.0,90.5,2.5,2.0,3.5,1.0
STU_004,MATH_027,Variables,2,2,1.0,2,1.0,1.0,93.0,2.5,2.0,5.0,2.0
STU_004,MATH_028,Algebraic expression structure,2,2,1.0,2,1.0,1.0,93.5,4.0,1.5,4.5,2.0
STU_004,MATH_029,Substitution and expression evaluation,2,2,1.0,2,1.0,1.0,105.0,4.0,1.5,3.0,2.0
STU_004,MATH_030,Equivalent linear expressions,2,2,1.0,2,1.0,0.5,101.5,5.0,2.0,4.5,1.5
STU_004,MATH_034,Solving linear equations in one variable,2,1,0.5,0,3.5,0.0,225.0,3.0,1.5,3.5,1.5
STU_005,MATH_006,Equivalent fractions,2,1,0.5,0,2.5,0.0,122.0,2.5,2.0,2.5,3.0
STU_005,MATH_007,Fraction addition and subtraction,2,2,1.0,1,2.0,0.5,131.5,2.0,2.0,2.5,1.0
STU_005,MATH_008,Fraction multiplication and division,2,2,1.0,1,1.5,1.0,89.0,3.0,1.5,2.0,2.0
STU_005,MATH_013,Integer addition and subtraction,2,2,1.0,1,2.0,1.0,174.5,3.0,1.0,1.5,2.0
STU_005,MATH_014,Integer multiplication and division,2,2,1.0,0,2.5,1.0,169.0,4.0,2.5,2.0,1.5
STU_005,MATH_015,Signed rational-number operations,2,2,1.0,1,1.5,0.5,68.5,3.5,2.0,3.5,3.0
STU_005,MATH_018,Proportional reasoning,2,1,0.5,0,3.5,0.5,182.0,4.0,2.5,2.0,2.0
STU_005,MATH_029,Substitution and expression evaluation,2,2,1.0,1,2.0,1.0,95.0,3.0,2.0,2.0,1.0
STU_005,MATH_030,Equivalent linear expressions,2,2,1.0,2,1.0,3.0,123.5,2.5,2.0,4.0,1.5
STU_005,MATH_031,Equations and their solutions,2,1,0.5,1,2.0,0.0,55.0,3.5,1.5,2.0,2.0
STU_005,MATH_032,Properties of equality,2,1,0.5,1,1.5,1.0,85.0,3.5,3.0,2.0,2.0
STU_005,MATH_033,Inverse operations,2,2,1.0,1,1.5,1.0,109.0,4.0,2.0,2.5,1.5
STU_005,MATH_034,Solving linear equations in one variable,2,2,1.0,2,1.0,1.0,122.5,3.0,1.5,2.0,1.0
STU_005,MATH_035,Inequalities and their solution sets,2,2,1.0,2,1.0,2.5,160.0,3.5,3.5,3.0,1.5
STU_005,MATH_036,Solving linear inequalities in one variable,2,2,1.0,2,1.0,1.0,164.5,1.5,2.0,2.5,1.0
STU_006,MATH_007,Fraction addition and subtraction,2,2,1.0,2,1.0,0.5,88.0,5.0,2.5,4.5,1.0
STU_006,MATH_013,Integer addition and subtraction,2,2,1.0,1,2.0,2.0,167.5,3.5,3.0,4.0,1.5
STU_006,MATH_015,Signed rational-number operations,2,2,1.0,2,1.0,1.0,75.5,4.0,1.0,5.0,1.5
STU_006,MATH_018,Proportional reasoning,2,2,1.0,2,1.0,0.5,88.5,4.0,1.5,4.5,2.0
STU_006,MATH_022,Integer exponent laws,2,2,1.0,2,1.0,0.0,80.0,3.5,2.0,4.5,1.5
STU_006,MATH_023,Order of operations,2,2,1.0,1,1.5,1.0,119.5,3.5,2.5,4.0,1.5
STU_006,MATH_028,Algebraic expression structure,2,2,1.0,1,2.5,0.5,178.0,4.0,2.5,3.0,1.5
STU_006,MATH_029,Substitution and expression evaluation,2,2,1.0,2,1.0,0.0,112.5,3.5,3.5,4.5,1.5
STU_006,MATH_030,Equivalent linear expressions,2,2,1.0,1,2.0,0.5,131.5,3.5,3.0,4.5,2.0
STU_006,MATH_034,Solving linear equations in one variable,2,2,1.0,2,1.0,0.0,150.5,3.5,3.0,4.0,1.5
STU_006,MATH_037,Coordinate plane,2,2,1.0,2,1.0,2.0,134.0,4.5,1.0,4.0,1.5
STU_006,MATH_039,Representing proportional relationships,2,2,1.0,2,1.0,0.0,133.0,4.5,1.5,4.0,1.5
STU_006,MATH_040,Linear relationships,2,2,1.0,2,1.0,1.0,177.5,4.0,2.0,5.0,2.0
STU_006,MATH_041,Slope,2,2,1.0,2,1.0,1.5,97.0,3.5,2.0,4.0,1.0
STU_006,MATH_042,Graphing linear equations,2,2,1.0,2,1.0,1.0,166.0,4.5,1.0,4.0,1.5
STU_007,MATH_007,Fraction addition and subtraction,2,2,1.0,2,1.0,0.0,70.5,3.5,2.5,2.5,1.5
STU_007,MATH_012,Signed numbers and order,2,1,0.5,1,2.5,0.5,129.0,3.5,2.0,3.0,1.5
STU_007,MATH_013,Integer addition and subtraction,2,1,0.5,0,2.5,1.0,157.0,3.5,2.0,2.5,1.0
STU_007,MATH_015,Signed rational-number operations,2,2,1.0,2,1.0,1.5,116.0,3.5,2.5,2.5,1.5
STU_007,MATH_018,Proportional reasoning,2,2,1.0,1,1.5,2.0,127.5,2.5,1.0,2.5,2.5
STU_007,MATH_027,Variables,2,2,1.0,1,2.5,1.5,119.5,2.5,2.0,2.0,1.5
STU_007,MATH_029,Substitution and expression evaluation,2,2,1.0,2,1.0,0.0,57.5,3.0,2.0,2.5,1.5
STU_007,MATH_030,Equivalent linear expressions,2,2,1.0,2,1.0,1.5,94.0,3.0,1.5,2.0,1.0
STU_007,MATH_034,Solving linear equations in one variable,2,2,1.0,2,1.0,0.5,141.0,3.5,2.5,2.5,1.0
STU_007,MATH_037,Coordinate plane,2,2,1.0,2,1.0,1.0,145.5,3.5,1.5,3.5,2.0
STU_007,MATH_038,Covarying quantities,2,2,1.0,2,1.0,0.0,103.5,2.0,2.5,1.5,1.5
STU_007,MATH_040,Linear relationships,2,2,1.0,1,2.5,1.0,257.0,3.5,2.5,3.0,1.5
STU_007,MATH_041,Slope,2,2,1.0,0,2.0,2.0,200.5,3.5,2.5,2.0,1.0
STU_007,MATH_043,Functions,2,1,0.5,1,2.0,1.5,95.0,2.5,2.0,2.0,3.0
STU_007,MATH_044,Function notation and evaluation,2,2,1.0,2,1.0,1.5,159.5,2.5,1.0,2.5,2.0
STU_008,MATH_007,Fraction addition and subtraction,2,2,1.0,2,1.0,2.5,151.5,1.5,1.0,2.5,1.5
STU_008,MATH_013,Integer addition and subtraction,2,2,1.0,2,1.0,1.0,82.5,4.0,1.0,3.0,1.5
STU_008,MATH_015,Signed rational-number operations,2,2,1.0,2,1.0,1.0,73.0,2.5,1.5,3.5,2.0
STU_008,MATH_018,Proportional reasoning,2,2,1.0,2,1.0,1.5,154.5,3.5,2.5,3.0,1.5
STU_008,MATH_019,Percent representations,2,1,0.5,1,1.5,0.5,120.5,4.0,1.5,3.0,1.5
STU_008,MATH_020,Percent problem solving,2,1,0.5,1,2.5,2.0,194.5,3.5,2.5,3.0,2.5
STU_008,MATH_029,Substitution and expression evaluation,2,2,1.0,1,2.5,1.0,148.0,3.0,3.5,4.5,2.0
STU_008,MATH_030,Equivalent linear expressions,2,1,0.5,1,2.0,2.0,173.5,2.0,2.0,4.5,2.5
STU_008,MATH_034,Solving linear equations in one variable,2,1,0.5,0,3.0,1.0,264.0,3.0,2.0,3.5,1.5
STU_008,MATH_035,Inequalities and their solution sets,2,2,1.0,2,1.0,0.5,144.5,2.0,2.5,3.0,2.5
STU_008,MATH_036,Solving linear inequalities in one variable,2,2,1.0,2,1.0,2.5,133.5,2.0,2.0,4.5,1.0
STU_008,MATH_037,Coordinate plane,2,2,1.0,2,1.0,1.0,107.0,3.5,2.0,3.0,1.5
STU_008,MATH_040,Linear relationships,2,2,1.0,2,1.0,1.0,133.5,3.0,1.0,4.0,1.5
STU_008,MATH_041,Slope,2,2,1.0,2,1.0,0.5,102.0,3.0,1.5,3.5,1.5
STU_008,MATH_045,Constructing linear models,2,1,0.5,1,1.5,1.5,160.5,3.0,2.0,4.0,1.0
STU_009,MATH_006,Equivalent fractions,2,2,1.0,2,1.0,0.5,107.5,4.0,2.5,3.0,3.0
STU_009,MATH_007,Fraction addition and subtraction,2,2,1.0,2,1.0,2.0,160.5,3.0,2.5,3.5,1.0
STU_009,MATH_008,Fraction multiplication and division,2,2,1.0,1,2.0,0.5,82.0,3.5,2.0,2.5,2.5
STU_009,MATH_013,Integer addition and subtraction,2,2,1.0,2,1.0,2.0,84.0,4.0,2.5,2.5,1.0
STU_009,MATH_015,Signed rational-number operations,2,2,1.0,2,1.0,2.0,143.5,2.5,2.5,4.0,1.0
STU_009,MATH_018,Proportional reasoning,2,1,0.5,1,1.5,1.0,130.5,4.0,3.0,2.0,2.0
STU_009,MATH_029,Substitution and expression evaluation,2,2,1.0,2,1.0,2.0,162.0,2.5,3.0,2.5,2.0
STU_009,MATH_030,Equivalent linear expressions,2,2,1.0,1,2.5,0.5,135.0,2.5,2.5,2.5,1.0
STU_009,MATH_031,Equations and their solutions,2,1,0.5,0,4.0,1.5,190.0,4.0,2.5,2.0,1.5
STU_009,MATH_034,Solving linear equations in one variable,2,1,0.5,1,1.5,1.0,201.5,3.0,2.0,1.5,2.5
STU_009,MATH_037,Coordinate plane,2,2,1.0,2,1.0,1.0,148.5,4.5,2.5,3.5,2.0
STU_009,MATH_040,Linear relationships,2,2,1.0,2,1.0,1.5,174.0,4.0,1.5,3.0,1.0
STU_009,MATH_041,Slope,2,2,1.0,2,1.0,1.0,127.5,4.5,2.0,2.0,2.5
STU_009,MATH_046,Systems and simultaneous solutions,2,1,0.5,1,1.5,0.0,68.0,2.5,1.5,3.5,2.0
STU_009,MATH_047,Solving linear systems algebraically,2,1,0.5,0,4.0,0.5,259.5,4.0,2.0,3.0,2.5
STU_010,MATH_007,Fraction addition and subtraction,2,1,0.5,1,1.0,1.0,100.5,3.5,1.5,4.0,1.5
STU_010,MATH_013,Integer addition and subtraction,2,2,1.0,1,2.0,0.5,108.5,3.5,2.5,3.0,1.5
STU_010,MATH_015,Signed rational-number operations,2,2,1.0,2,1.0,2.0,102.5,5.0,1.5,2.5,1.0
STU_010,MATH_018,Proportional reasoning,2,2,1.0,1,1.5,0.5,110.0,3.0,1.5,4.0,2.5
STU_010,MATH_024,Commutative and associative properties,2,2,1.0,2,1.0,1.5,90.5,3.5,2.5,3.0,2.5
STU_010,MATH_025,Distributive property,2,1,0.5,1,1.5,1.5,102.0,3.0,1.5,3.5,1.5
STU_010,MATH_029,Substitution and expression evaluation,2,2,1.0,1,1.5,1.5,132.0,2.5,2.5,3.0,2.5
STU_010,MATH_030,Equivalent linear expressions,2,2,1.0,1,1.5,0.5,112.0,4.0,2.5,2.0,3.0
STU_010,MATH_032,Properties of equality,2,1,0.5,1,2.0,1.0,65.0,2.5,2.0,3.0,2.5
STU_010,MATH_033,Inverse operations,2,2,1.0,1,1.5,1.5,117.0,4.0,3.0,3.0,3.0
STU_010,MATH_034,Solving linear equations in one variable,2,2,1.0,2,1.0,0.5,114.5,4.0,2.0,3.5,2.5
STU_010,MATH_037,Coordinate plane,2,2,1.0,2,1.0,1.0,146.0,3.5,2.0,3.0,1.5
STU_010,MATH_040,Linear relationships,2,2,1.0,2,1.0,0.5,128.5,3.5,1.5,2.0,1.5
STU_010,MATH_041,Slope,2,2,1.0,2,1.0,0.0,81.0,4.0,3.0,2.5,1.0
STU_010,MATH_048,Solving linear systems graphically,2,2,1.0,2,1.0,0.0,146.0,3.0,1.5,3.0,2.0
STU_011,MATH_006,Equivalent fractions,2,2,1.0,1,1.5,1.0,125.5,4.5,1.5,2.5,1.5
STU_011,MATH_007,Fraction addition and subtraction,2,1,0.5,1,2.5,0.0,130.0,3.5,2.0,4.0,2.0
STU_011,MATH_008,Fraction multiplication and division,2,2,1.0,2,1.0,1.0,106.5,3.5,2.5,2.5,1.0
STU_011,MATH_013,Integer addition and subtraction,2,2,1.0,2,1.0,0.5,99.0,4.0,3.0,2.5,1.0
STU_011,MATH_014,Integer multiplication and division,2,2,1.0,2,1.0,0.5,78.5,3.5,1.5,3.0,1.0
STU_011,MATH_015,Signed rational-number operations,2,2,1.0,2,1.0,2.5,95.0,3.0,4.0,4.5,3.0
STU_011,MATH_018,Proportional reasoning,2,1,0.5,1,2.5,1.0,171.5,3.5,2.0,3.0,1.0
STU_011,MATH_029,Substitution and expression evaluation,2,2,1.0,2,1.0,0.5,109.5,5.0,2.5,3.0,1.0
STU_011,MATH_030,Equivalent linear expressions,2,2,1.0,1,1.5,0.5,112.5,5.0,2.5,3.0,2.5
STU_011,MATH_034,Solving linear equations in one variable,2,2,1.0,1,3.0,0.5,205.5,3.5,3.0,3.0,1.5
STU_011,MATH_040,Linear relationships,2,2,1.0,1,2.5,0.5,183.5,3.5,1.5,3.0,2.0
STU_011,MATH_041,Slope,2,2,1.0,2,1.0,0.0,81.5,4.5,2.0,3.5,1.0
STU_011,MATH_042,Graphing linear equations,2,2,1.0,1,2.5,0.0,142.0,4.0,2.5,2.0,1.0
STU_011,MATH_046,Systems and simultaneous solutions,2,2,1.0,1,1.5,0.0,59.0,5.0,1.5,2.5,2.0
STU_011,MATH_047,Solving linear systems algebraically,2,2,1.0,1,2.5,1.5,192.5,4.5,1.5,2.5,2.0
STU_012,MATH_007,Fraction addition and subtraction,2,2,1.0,2,1.0,1.5,96.0,4.0,2.5,5.0,1.0
STU_012,MATH_015,Signed rational-number operations,2,2,1.0,2,1.0,1.5,69.5,4.0,1.0,3.5,1.0
STU_012,MATH_021,Whole-number exponents,2,2,1.0,2,1.0,1.5,74.0,4.5,1.5,4.5,1.5
STU_012,MATH_022,Integer exponent laws,2,2,1.0,1,1.5,2.0,101.5,4.5,1.5,4.0,1.5
STU_012,MATH_023,Order of operations,2,2,1.0,1,2.5,1.0,112.0,5.0,2.0,3.5,1.5
STU_012,MATH_028,Algebraic expression structure,2,2,1.0,1,2.0,0.0,114.5,5.0,2.0,5.0,1.0
STU_012,MATH_029,Substitution and expression evaluation,2,2,1.0,2,1.0,1.5,129.5,4.0,2.5,4.0,1.0
STU_012,MATH_030,Equivalent linear expressions,2,2,1.0,2,1.0,0.0,62.0,4.0,2.5,4.0,1.0
STU_012,MATH_034,Solving linear equations in one variable,2,1,0.5,0,2.5,2.0,189.5,2.5,2.5,3.0,1.0
STU_012,MATH_040,Linear relationships,2,2,1.0,2,1.0,0.0,107.0,5.0,2.0,4.0,1.5
STU_012,MATH_041,Slope,2,2,1.0,2,1.0,0.5,120.5,5.0,2.5,4.0,1.0
STU_012,MATH_042,Graphing linear equations,2,2,1.0,1,1.5,1.0,140.5,4.5,2.0,3.0,1.5
STU_012,MATH_044,Function notation and evaluation,2,2,1.0,2,1.0,0.0,129.5,4.0,2.5,3.5,2.5
STU_012,MATH_046,Systems and simultaneous solutions,2,2,1.0,2,1.0,0.5,54.0,5.0,1.0,4.5,1.5
STU_012,MATH_047,Solving linear systems algebraically,2,2,1.0,0,2.5,1.5,172.0,4.0,1.5,4.5,2.0
STU_013,MATH_007,Fraction addition and subtraction,2,2,1.0,2,1.0,0.5,93.0,4.0,1.0,4.5,1.5
STU_013,MATH_015,Signed rational-number operations,2,2,1.0,2,1.0,0.0,72.0,5.0,1.5,4.0,1.0
STU_013,MATH_026,Meaning of equality,2,2,1.0,1,2.0,0.0,93.0,5.0,1.0,4.5,1.0
STU_013,MATH_029,Substitution and expression evaluation,2,2,1.0,2,1.0,0.0,86.0,4.0,2.0,4.0,2.5
STU_013,MATH_030,Equivalent linear expressions,2,2,1.0,1,2.0,0.5,115.5,4.0,2.0,4.5,1.5
STU_013,MATH_031,Equations and their solutions,2,2,1.0,1,1.5,1.0,88.5,4.5,3.0,3.0,1.0
STU_013,MATH_032,Properties of equality,2,1,0.5,1,1.0,1.5,86.0,4.5,2.5,3.5,2.5
STU_013,MATH_033,Inverse operations,2,2,1.0,2,1.0,1.0,57.5,4.0,3.0,4.5,1.0
STU_013,MATH_034,Solving linear equations in one variable,2,2,1.0,1,1.5,1.5,181.0,3.0,3.5,3.5,1.5
STU_013,MATH_040,Linear relationships,2,2,1.0,2,1.0,0.5,78.5,5.0,1.5,4.5,2.5
STU_013,MATH_041,Slope,2,2,1.0,2,1.0,1.0,144.5,5.0,2.0,4.5,1.5
STU_013,MATH_042,Graphing linear equations,2,2,1.0,2,1.0,0.5,96.5,5.0,3.0,3.5,1.5
STU_013,MATH_046,Systems and simultaneous solutions,2,2,1.0,1,2.0,0.0,114.0,4.5,1.5,4.5,1.5
STU_013,MATH_047,Solving linear systems algebraically,2,2,1.0,1,2.5,1.0,181.5,2.5,2.0,3.5,2.0
STU_013,MATH_048,Solving linear systems graphically,2,2,1.0,2,1.0,0.0,142.5,5.0,2.5,5.0,1.0
STU_014,MATH_007,Fraction addition and subtraction,2,2,1.0,2,1.0,2.0,124.0,2.5,2.0,3.5,2.5
STU_014,MATH_015,Signed rational-number operations,2,2,1.0,0,2.5,1.0,132.0,3.0,2.5,3.0,3.0
STU_014,MATH_016,Ratios,2,2,1.0,1,1.5,2.5,183.0,2.0,3.0,3.5,3.5
STU_014,MATH_017,Unit rates,2,2,1.0,1,2.0,0.5,151.0,2.0,2.0,4.0,2.0
STU_014,MATH_029,Substitution and expression evaluation,2,2,1.0,2,1.0,1.5,129.0,2.5,3.0,3.5,2.0
STU_014,MATH_030,Equivalent linear expressions,2,2,1.0,2,1.0,0.5,91.5,3.0,2.0,3.0,2.5
STU_014,MATH_034,Solving linear equations in one variable,2,1,0.5,0,3.0,2.0,256.0,3.0,2.0,4.5,1.0
STU_014,MATH_037,Coordinate plane,2,2,1.0,1,2.5,1.0,188.5,3.0,3.0,4.5,4.0
STU_014,MATH_038,Covarying quantities,2,2,1.0,1,2.0,1.0,132.5,2.5,3.5,4.0,2.0
STU_014,MATH_039,Representing proportional relationships,2,2,1.0,1,3.0,0.0,132.0,2.5,2.5,5.0,2.0
STU_014,MATH_040,Linear relationships,2,2,1.0,1,2.0,2.0,145.0,4.0,3.0,4.0,2.0
STU_014,MATH_041,Slope,2,1,0.5,1,2.0,0.5,170.5,2.5,2.5,4.0,2.0
STU_014,MATH_042,Graphing linear equations,2,2,1.0,1,2.5,0.0,203.0,3.0,3.5,3.5,2.0
STU_014,MATH_046,Systems and simultaneous solutions,2,2,1.0,2,1.0,0.0,54.5,1.5,2.5,3.5,2.5
STU_014,MATH_047,Solving linear systems algebraically,2,1,0.5,1,2.0,1.0,189.5,3.0,2.0,3.5,1.5
STU_015,MATH_007,Fraction addition and subtraction,2,1,0.5,0,2.0,1.0,115.0,3.5,2.5,2.0,2.5
STU_015,MATH_015,Signed rational-number operations,2,2,1.0,1,2.0,1.0,133.5,3.5,2.0,2.0,2.5
STU_015,MATH_020,Percent problem solving,2,1,0.5,0,3.0,1.0,217.0,2.0,2.5,2.5,1.0
STU_015,MATH_029,Substitution and expression evaluation,2,2,1.0,2,1.0,1.0,84.5,2.5,1.5,2.5,3.0
STU_015,MATH_030,Equivalent linear expressions,2,2,1.0,2,1.0,2.5,131.0,3.5,2.5,3.5,1.5
STU_015,MATH_034,Solving linear equations in one variable,2,2,1.0,2,1.0,2.0,130.5,4.0,2.0,1.5,1.5
STU_015,MATH_035,Inequalities and their solution sets,2,2,1.0,1,1.5,1.0,145.0,3.0,2.5,1.5,2.0
STU_015,MATH_036,Solving linear inequalities in one variable,2,2,1.0,0,3.0,1.0,240.0,3.0,3.0,2.0,2.0
STU_015,MATH_040,Linear relationships,2,2,1.0,1,2.0,0.5,174.0,3.0,2.5,2.0,2.0
STU_015,MATH_041,Slope,2,2,1.0,0,3.0,1.5,181.0,3.5,2.5,2.5,1.5
STU_015,MATH_042,Graphing linear equations,2,2,1.0,1,2.5,1.0,163.0,4.0,2.0,2.5,2.5
STU_015,MATH_043,Functions,2,2,1.0,2,1.0,0.5,45.5,3.0,2.5,2.0,2.5
STU_015,MATH_045,Constructing linear models,2,1,0.5,0,1.5,2.0,151.5,4.0,2.0,2.5,1.5
STU_015,MATH_046,Systems and simultaneous solutions,2,2,1.0,2,1.0,1.0,61.0,3.0,1.5,3.0,2.0
STU_015,MATH_047,Solving linear systems algebraically,2,2,1.0,2,1.0,2.0,146.0,5.0,2.5,2.5,1.5
